Date,Arrival,Price
01-01-2008,140.6,866.6470588
02-01-2008,147.6666667,833.2941176
03-01-2008,154.7333333,799.9411765
04-01-2008,161.8,766.5882353
05-01-2008,168.8666667,733.2352941
06-01-2008,175.9333333,699.8823529
07-01-2008,183,666.5294118
08-01-2008,217,633.1764706
09-01-2008,235,599.8235294
10-01-2008,234.7696133,566.4705882
11-01-2008,225,533.1176471
12-01-2008,208.8985708,499.7647059
13-01-2008,182.0107524,466.4117647
14-01-2008,140,433.0588235
15-01-2008,85.09308764,399.7058824
16-01-2008,50,366.3529412
17-01-2008,55,333
18-01-2008,60,400
19-01-2008,73.05853279,382.9497307
20-01-2008,83.16043428,344.6539577
21-01-2008,70,347.8132711
22-01-2008,53,455
23-01-2008,124,590
24-01-2008,142,400
25-01-2008,163,333
26-01-2008,181.4331265,351.0623415
27-01-2008,182.8341459,397.3895818
28-01-2008,184.2351652,459.9702305
29-01-2008,185.6361846,526.8993461
30-01-2008,175.7120726,586.2719871
31-01-2008,162.9867054,626.183212
01-02-2008,149.176869,634.7280793
02-02-2008,136,600
03-02-2008,125.8963879,523.0198825
04-02-2008,124.2120382,456.4823812
05-02-2008,137,466
06-02-2008,160,566
07-02-2008,178,600
08-02-2008,221,533
09-02-2008,150.3458486,479.907424
10-02-2008,73,466
11-02-2008,99,533
12-02-2008,109,710
13-02-2008,153,566
14-02-2008,163,600
15-02-2008,109,700
16-02-2008,125,666
17-02-2008,141.4146359,662.6611533
18-02-2008,140.1889468,717.3812698
19-02-2008,134.1152645,797.4169193
20-02-2008,136,870
21-02-2008,141,920
22-02-2008,102,1000
23-02-2008,71,1130
24-02-2008,93,1200
25-02-2008,94,1133
26-02-2008,137,800
27-02-2008,110,665
28-02-2008,85,700
29-02-2008,107,700
01-03-2008,99,700
02-03-2008,92,800
03-03-2008,126,833
04-03-2008,75,840
05-03-2008,76,800
06-03-2008,96,800
07-03-2008,128,900
08-03-2008,138.2199088,1050.407268
09-03-2008,127.2183107,1195.845192
10-03-2008,108.1022816,1163.896795
11-03-2008,93.99136661,1131.948397
12-03-2008,98,1100
13-03-2008,119,800
14-03-2008,112.872811,770.9676258
15-03-2008,77.82147345,741.9352517
16-03-2008,74.84697724,712.9028775
17-03-2008,71.87248104,874.5565249
18-03-2008,68.89798483,1053.292644
19-03-2008,65.92348862,1202.152899
20-03-2008,62.94899241,1274.178953
21-03-2008,59.97449621,1222.412472
22-03-2008,57,1000
23-03-2008,169,700
24-03-2008,118,733
25-03-2008,129,800
26-03-2008,127,933
27-03-2008,132,1200
28-03-2008,116,1171.003709
29-03-2008,137,1066
30-03-2008,83,1133
31-03-2008,105,1066
01-04-2008,121,1000
02-04-2008,129,1000
03-04-2008,157,933
04-04-2008,149,933
05-04-2008,125,800
06-04-2008,131.3648127,905.2583884
07-04-2008,121,1133
08-04-2008,75,1200
09-04-2008,119,1066
10-04-2008,150,1200
11-04-2008,133,1166
12-04-2008,88.13786357,1159.60652
13-04-2008,68,1166
14-04-2008,88,1133
15-04-2008,88,1200
16-04-2008,150,1166
17-04-2008,149,1133
18-04-2008,129,1066
19-04-2008,108,1133
20-04-2008,97,1133
21-04-2008,145,1066
22-04-2008,119,1133
23-04-2008,142,1066
24-04-2008,129,1133
25-04-2008,176,1166
26-04-2008,109,800
27-04-2008,137,833
28-04-2008,211,866
29-04-2008,240,733
30-04-2008,192,533
01-05-2008,135,433
02-05-2008,194,533
03-05-2008,221,600
04-05-2008,197,466
05-05-2008,243,600
06-05-2008,313,566
07-05-2008,262,566
08-05-2008,288,533
09-05-2008,220,400
10-05-2008,234,433
11-05-2008,299,466
12-05-2008,303,500
13-05-2008,344,533
14-05-2008,228,500
15-05-2008,306,466
16-05-2008,314,500
17-05-2008,371,500
18-05-2008,329,500
19-05-2008,205,433
20-05-2008,319,413
21-05-2008,407,400
22-05-2008,370,433
23-05-2008,358,366
24-05-2008,376,400
25-05-2008,559,433
26-05-2008,415,433
27-05-2008,442,400
28-05-2008,420,500
29-05-2008,306,533
30-05-2008,406,533
31-05-2008,381,566
01-06-2008,398,566
02-06-2008,308,533
03-06-2008,361,600
04-06-2008,368,533
05-06-2008,535,566
06-06-2008,522,533
07-06-2008,641,566
08-06-2008,617,533
09-06-2008,643,533
10-06-2008,598,466
11-06-2008,876,533
12-06-2008,899,400
13-06-2008,802,366
14-06-2008,726,366
15-06-2008,1260,400
16-06-2008,873,433
17-06-2008,898,433
18-06-2008,1598,433
19-06-2008,741,333
20-06-2008,1020,333
21-06-2008,843,300
22-06-2008,1049,400
23-06-2008,1052,366
24-06-2008,712,366
25-06-2008,1122,333
26-06-2008,902,333
27-06-2008,1291,333
28-06-2008,1170,346.9885293
29-06-2008,1045,364.274731
30-06-2008,1079,386.4994048
01-07-2008,2157.752147,413.3150787
02-07-2008,2559,417.3734465
03-07-2008,1407,421.4318144
04-07-2008,2048,425.4901822
05-07-2008,1922,429.5485501
06-07-2008,1747,433.6069179
07-07-2008,1498,437.6652858
08-07-2008,1826,441.7236537
09-07-2008,2477,445.7820215
10-07-2008,2545,449.8403894
11-07-2008,2214,453.8987572
12-07-2008,2136,457.9571251
13-07-2008,2191,462.0154929
14-07-2008,1841,466.0738608
15-07-2008,1483,470.1322286
16-07-2008,1544,474.1905965
17-07-2008,1387,478.2489644
18-07-2008,1714,482.3073322
19-07-2008,1583,486.3657001
20-07-2008,1698,490.4240679
21-07-2008,1459,494.4824358
22-07-2008,1363,498.5408036
23-07-2008,1453,502.5991715
24-07-2008,1247,506.6575393
25-07-2008,1204,510.7159072
26-07-2008,1498,514.774275
27-07-2008,1688,518.8326429
28-07-2008,1306,522.8910108
29-07-2008,1514,526.9493786
30-07-2008,1504,531.0077465
31-07-2008,1487,535.0661143
01-08-2008,1082,539.1244822
02-08-2008,1076,543.18285
03-08-2008,983,547.2412179
04-08-2008,961,551.2995857
05-08-2008,1270,555.3579536
06-08-2008,1075,559.4163215
07-08-2008,884,563.4746893
08-08-2008,845,567.5330572
09-08-2008,844,571.591425
10-08-2008,611,575.6497929
11-08-2008,727,579.7081607
12-08-2008,697,583.7665286
13-08-2008,626,587.8248964
14-08-2008,632,591.8832643
15-08-2008,675,595.9416321
16-08-2008,542,600
17-08-2008,621,500
18-08-2008,605,533
19-08-2008,645,466
20-08-2008,648,600
21-08-2008,640,500
22-08-2008,581,566
23-08-2008,661,584.2600116
24-08-2008,455,533
25-08-2008,390,488.2486457
26-08-2008,370,466
27-08-2008,479,465.0190454
28-08-2008,470,474.4434011
29-08-2008,560,481.0411009
30-08-2008,445,471.5751252
31-08-2008,452,433
01-09-2008,466,466
02-09-2008,499,800
03-09-2008,230,833
04-09-2008,171,1000
05-09-2008,412,1066
06-09-2008,324,600
07-09-2008,305,666
08-09-2008,273,933
09-09-2008,298,933
10-09-2008,263,800
11-09-2008,217,600
12-09-2008,159,600
13-09-2008,153.5751365,644.9744811
14-09-2008,148.150273,678.9336616
15-09-2008,142.7254096,706.49354
16-09-2008,137.3005461,732.3430857
17-09-2008,131.8756826,761.171268
18-09-2008,126.4508191,797.6670561
19-09-2008,121.0259557,846.5194194
20-09-2008,143.3789175,912.4173273
21-09-2008,170,1000
22-09-2008,185,1066
23-09-2008,162,1000
24-09-2008,142,1066
25-09-2008,125,1200
26-09-2008,235,1066
27-09-2008,125,1133
28-09-2008,102,1133
29-09-2008,172,1000
30-09-2008,116,866
01-10-2008,132,866
02-10-2008,126,800
03-10-2008,136,866
04-10-2008,211,800
05-10-2008,223,866
06-10-2008,211,800
07-10-2008,192,800
08-10-2008,181,1200
09-10-2008,105,1333
10-10-2008,152,1200
11-10-2008,267,1200
12-10-2008,257,1200
13-10-2008,276,1166
14-10-2008,205,1333
15-10-2008,177,1333
16-10-2008,192,1400
17-10-2008,220,1333
18-10-2008,232,1666
19-10-2008,182,1866
20-10-2008,232,1666
21-10-2008,237,1600
22-10-2008,252,1733
23-10-2008,235,1333
24-10-2008,227,2333
25-10-2008,232,2066.21416
26-10-2008,240,1333
27-10-2008,185,1666
28-10-2008,182,2133
29-10-2008,225,1500
30-10-2008,105,1600
31-10-2008,225,1333
01-11-2008,285,1666
02-11-2008,168,1666
03-11-2008,167,1666
04-11-2008,225,1733
05-11-2008,220,1733
06-11-2008,165,1800
07-11-2008,160,1866
08-11-2008,230,1666
09-11-2008,162,1733
10-11-2008,167,1666
11-11-2008,197,1733
12-11-2008,217,1333
13-11-2008,195,1400
14-11-2008,187,1333
15-11-2008,187,1200
16-11-2008,179,1133
17-11-2008,207,1266
18-11-2008,217,1333
19-11-2008,192,1666
20-11-2008,219,1600
21-11-2008,245,1400
22-11-2008,237,1200
23-11-2008,240,1333
24-11-2008,225,1466
25-11-2008,330,1666
26-11-2008,200,933
27-11-2008,362,866
28-11-2008,235,666
29-11-2008,217,800
30-11-2008,223.2074122,1213.449526
01-12-2008,235,1600
02-12-2008,307,1800
03-12-2008,420,1867
04-12-2008,420,1200
05-12-2008,445,1000
06-12-2008,342,1000
07-12-2008,247,933
08-12-2008,230,533
09-12-2008,213.4648247,778.6300553
10-12-2008,177,1000
11-12-2008,155,533
12-12-2008,227,400
13-12-2008,240,466
14-12-2008,227,533
15-12-2008,205,533
16-12-2008,169.3160561,376.2670677
17-12-2008,173.3010058,383.7305407
18-12-2008,177.2859555,391.1940136
19-12-2008,181.2709053,398.6574866
20-12-2008,185.255855,406.1209596
21-12-2008,189.2408047,413.5844325
22-12-2008,193.2257544,421.0479055
23-12-2008,197.2107041,428.5113785
24-12-2008,201.1956538,435.9748514
25-12-2008,205.1806035,443.4383244
26-12-2008,209.1655532,450.9017974
27-12-2008,213.1505029,458.3652703
28-12-2008,217.1354526,465.8287433
29-12-2008,221.1204023,473.2922163
30-12-2008,225.105352,480.7556892
31-12-2008,229.0903018,488.2191622
01-01-2009,233.0752515,495.6826352
02-01-2009,237.0602012,503.1461081
03-01-2009,241.0451509,510.6095811
04-01-2009,245.0301006,518.0730541
05-01-2009,249.0150503,525.536527
06-01-2009,253,533
07-01-2009,234,666
08-01-2009,201,533
09-01-2009,127,400
10-01-2009,217,400
11-01-2009,167,533
12-01-2009,232,533
13-01-2009,265,266
14-01-2009,105,266
15-01-2009,132,340.9134945
16-01-2009,55,400
17-01-2009,102,400
18-01-2009,102,266
19-01-2009,117,266
20-01-2009,142,285.8531899
21-01-2009,137,333
22-01-2009,127,400
23-01-2009,115,300
24-01-2009,152,266
25-01-2009,127,266
26-01-2009,140,300
27-01-2009,132,333
28-01-2009,160,300
29-01-2009,160,266
30-01-2009,137,266
31-01-2009,157,233
01-02-2009,167,266
02-02-2009,120,233
03-02-2009,165,266
04-02-2009,112,300
05-02-2009,142,333
06-02-2009,77,366
07-02-2009,140,266
08-02-2009,115,200
09-02-2009,125,176.6322952
10-02-2009,145,177.6178877
11-02-2009,130,194.6874123
12-02-2009,197,219.6035106
13-02-2009,221,244.1288243
14-02-2009,125,260.0259952
15-02-2009,183,259.0576651
16-02-2009,205,233
17-02-2009,286,200
18-02-2009,185,233
19-02-2009,265,254.6803443
20-02-2009,211,251.0382031
21-02-2009,202,236.5489321
22-02-2009,209,225.7057961
23-02-2009,114,233
24-02-2009,77,266
25-02-2009,171,300
26-02-2009,304,297.8119831
27-02-2009,259,268.3085979
28-02-2009,222,233
01-03-2009,262,209.4194911
02-03-2009,228,199.1741159
03-03-2009,184,199.8917369
04-03-2009,157,209.1997834
05-03-2009,204,224.7256847
06-03-2009,186,244.0968704
07-03-2009,192,264.9407697
08-03-2009,165,256.8231735
09-03-2009,182,248.7055773
10-03-2009,215,240.5879811
11-03-2009,223,232.4703849
12-03-2009,238,224.3527886
13-03-2009,195,216.2351924
14-03-2009,188,208.1175962
15-03-2009,161,200
16-03-2009,152,133
17-03-2009,184,135.8616243
18-03-2009,262,138.7232486
19-03-2009,275,141.584873
20-03-2009,277,144.4464973
21-03-2009,195,147.3081216
22-03-2009,193,150.1697459
23-03-2009,173,153.0313702
24-03-2009,192,155.8929946
25-03-2009,246,158.7546189
26-03-2009,258,161.6162432
27-03-2009,175,164.4778675
28-03-2009,138,167.3394919
29-03-2009,146,170.2011162
30-03-2009,137,173.0627405
31-03-2009,165,175.9243648
01-04-2009,222,178.7859891
02-04-2009,195,181.6476135
03-04-2009,173,223.6722956
04-04-2009,163,266
05-04-2009,232,266
06-04-2009,277,166
07-04-2009,298,266
08-04-2009,221,300
09-04-2009,288,266
10-04-2009,250,266
11-04-2009,257,238.8487771
12-04-2009,259,200
13-04-2009,306,183.0671707
14-04-2009,292,200
15-04-2009,157,254.5660287
16-04-2009,344,333
17-04-2009,227,400
18-04-2009,289,433
19-04-2009,230,400
20-04-2009,348,466
21-04-2009,375,533
22-04-2009,323,266
23-04-2009,338,400
24-04-2009,337,500
25-04-2009,284,366
26-04-2009,350,400
27-04-2009,217,533
28-04-2009,319,600
29-04-2009,258,866
30-04-2009,186,800
01-05-2009,170,866
02-05-2009,180,933
03-05-2009,164,1000
04-05-2009,187,933
05-05-2009,199,800
06-05-2009,245,1000
07-05-2009,251.1243815,1034.177866
08-05-2009,257.2487629,1068.355733
09-05-2009,263.3731444,1102.533599
10-05-2009,269.4975259,1136.711466
11-05-2009,275.6219073,1002.678282
12-05-2009,281.7462888,850.2014552
13-05-2009,262.5355329,703.7056795
14-05-2009,244.5740759,587.615647
15-05-2009,231.0454421,613.7437647
16-05-2009,225.1331561,639.8718823
17-05-2009,230,666
18-05-2009,240,866
19-05-2009,240,1000
20-05-2009,265,1133
21-05-2009,245,1066
22-05-2009,272,666
23-05-2009,267,1066
24-05-2009,182,1166
25-05-2009,263,1066
26-05-2009,257,1066
27-05-2009,262,1066
28-05-2009,255,1000
29-05-2009,265,1133
30-05-2009,215,1200
31-05-2009,185,1066
01-06-2009,205,1133
02-06-2009,352,1200
03-06-2009,310,1067
04-06-2009,335,800
05-06-2009,336,866
06-06-2009,380,1000
07-06-2009,368,800
08-06-2009,382,866
09-06-2009,415,1000
10-06-2009,462,933
11-06-2009,425,1000
12-06-2009,432,933
13-06-2009,672,1133
14-06-2009,725,1166
15-06-2009,476,933
16-06-2009,635,866
17-06-2009,1089,666
18-06-2009,1073,866
19-06-2009,706,666
20-06-2009,856,933
21-06-2009,870,933
22-06-2009,780,1000
23-06-2009,802,900
24-06-2009,982,800
25-06-2009,907,800
26-06-2009,816,600
27-06-2009,1152,666
28-06-2009,1093,600
29-06-2009,1142,533
30-06-2009,1611,600
01-07-2009,1714,666
02-07-2009,656,866
03-07-2009,757,800
04-07-2009,955,800
05-07-2009,1879.555686,768.5110777
06-07-2009,2166,666
07-07-2009,979,600
08-07-2009,992,733
09-07-2009,859,600
10-07-2009,1142,866
11-07-2009,2013.845755,952.7274514
12-07-2009,2741.170088,816.2540832
13-07-2009,2433,666
14-07-2009,1057,666
15-07-2009,879,733
16-07-2009,914,666
17-07-2009,1126,733
18-07-2009,1593,666
19-07-2009,2674.157678,629.0611627
20-07-2009,2741,666
21-07-2009,1113,733
22-07-2009,1196,800
23-07-2009,1105,800
24-07-2009,1136,733
25-07-2009,1079.076577,694.0120068
26-07-2009,1088,733
27-07-2009,1219,800
28-07-2009,926,733
29-07-2009,1113,800
30-07-2009,1079,733
31-07-2009,1056,600
01-08-2009,914,533
02-08-2009,1784.793833,676.5570265
03-08-2009,2099,800
04-08-2009,830,733
05-08-2009,979,800
06-08-2009,1565.764084,907.5974034
07-08-2009,2108.875856,907.2850231
08-08-2009,2094.80149,906.9726428
09-08-2009,2080.727125,906.6602625
10-08-2009,2066.65276,906.3478822
11-08-2009,2052.578394,906.0355019
12-08-2009,2038.504029,905.7231216
13-08-2009,2024.429663,905.4107413
14-08-2009,2010.355298,905.098361
15-08-2009,1996.280933,904.7859807
16-08-2009,1982.206567,904.4736005
17-08-2009,1968.132202,904.1612202
18-08-2009,1954.057837,903.8488399
19-08-2009,1939.983471,903.5364596
20-08-2009,1925.909106,903.2240793
21-08-2009,1911.834741,902.911699
22-08-2009,1897.760375,902.5993187
23-08-2009,1883.68601,902.2869384
24-08-2009,1869.611644,901.9745581
25-08-2009,1855.537279,901.6621778
26-08-2009,1841.462914,901.3497975
27-08-2009,1827.388548,901.0374172
28-08-2009,1813.314183,900.7250369
29-08-2009,1799.239818,900.4126566
30-08-2009,1785.165452,900.1002763
31-08-2009,1771.091087,899.787896
01-09-2009,1757.016722,899.4755157
02-09-2009,1742.942356,899.1631354
03-09-2009,1728.867991,898.8507551
04-09-2009,1714.793625,898.5383748
05-09-2009,1700.71926,898.2259945
06-09-2009,1686.644895,897.9136142
07-09-2009,1672.570529,897.6012339
08-09-2009,1658.496164,897.2888536
09-09-2009,1644.421799,896.9764733
10-09-2009,1630.347433,896.664093
11-09-2009,1616.273068,846.0692082
12-09-2009,1602.198703,795.8851824
13-09-2009,1588.124337,749.564062
14-09-2009,1574.049972,703.2429417
15-09-2009,1559.975606,656.9218214
16-09-2009,1545.901241,610.6007011
17-09-2009,1531.826876,564.2795807
18-09-2009,1517.75251,517.9584604
19-09-2009,1339.259432,477.925145
20-09-2009,1171.387224,440.3811737
21-09-2009,1015.381449,405.5863572
22-09-2009,872.4876691,373.8005061
23-09-2009,743.9514477,345.283431
24-09-2009,648.2822184,322.1891413
25-09-2009,552.612989,299.0948516
26-09-2009,456.9437596,281.9429686
27-09-2009,398.2933977,269.0991042
28-09-2009,360.2284072,260.8230692
29-09-2009,343.994351,257.3746741
30-09-2009,350.8367916,259.0137296
01-10-2009,382,266
02-10-2009,437.1995291,283.0865325
03-10-2009,510,333
04-10-2009,573.5138274,421.1872221
05-10-2009,525,466
06-10-2009,342,400
07-10-2009,327,333
08-10-2009,457,400
09-10-2009,422,333
10-10-2009,874.7501455,336.7082828
11-10-2009,1427.431583,396.710196
12-10-2009,1345,400
13-10-2009,480,333
14-10-2009,380,400
15-10-2009,540,366
16-10-2009,387,466
17-10-2009,664.012536,484.5674825
18-10-2009,1216.241245,411.070014
19-10-2009,1228.120623,331.7916317
20-10-2009,1240,333
21-10-2009,342,400
22-10-2009,412,333
23-10-2009,392,466
24-10-2009,315,466
25-10-2009,321.2334658,452.0683086
26-10-2009,350,533
27-10-2009,345,666
28-10-2009,362,600
29-10-2009,385,666
30-10-2009,350,800
31-10-2009,372,733
01-11-2009,526.836262,638.5683359
02-11-2009,632,600
03-11-2009,521,666
04-11-2009,412,866
05-11-2009,686.2012163,913.4870757
06-11-2009,997,800
07-11-2009,936.593713,733
08-11-2009,648.7929608,1122.04387
09-11-2009,415,1366
10-11-2009,410,1133
11-11-2009,435,1466
12-11-2009,405,1333
13-11-2009,442,1466
14-11-2009,1078.55165,1260.892974
15-11-2009,1748.27451,826.933091
16-11-2009,1567,600
17-11-2009,385,800
18-11-2009,473,866
19-11-2009,561,600
20-11-2009,545,600
21-11-2009,547,533
22-11-2009,739.4481007,455.692332
23-11-2009,875,533
24-11-2009,746.8634874,800
25-11-2009,612,866
26-11-2009,658,800
27-11-2009,602,1000
28-11-2009,856.7790436,1110.386872
29-11-2009,1167.796588,1112.584254
30-11-2009,1047,1133
01-12-2009,442,1200
02-12-2009,435,1133
03-12-2009,361,1200
04-12-2009,222.9098002,1147.036111
05-12-2009,242,1133
06-12-2009,498.3904429,1350.069427
07-12-2009,605,1500
08-12-2009,332,1333
09-12-2009,260,1200
10-12-2009,205.3508128,1238.882761
11-12-2009,247,1333
12-12-2009,511.1917426,1359.217074
13-12-2009,763.9603227,1339.744478
14-12-2009,682,1333
15-12-2009,238,1333
16-12-2009,197,1200
17-12-2009,195,1133
18-12-2009,215,1066
19-12-2009,313,1000
20-12-2009,309.2198717,1060.069567
21-12-2009,275,1066
22-12-2009,305,866
23-12-2009,265,733
24-12-2009,252,800
25-12-2009,345.3084223,838.1164255
26-12-2009,552,800
27-12-2009,811.7579657,718.3428933
28-12-2009,796.8789828,667.9360924
29-12-2009,782,733
30-12-2009,285,1000
31-12-2009,262,1000
01-01-2010,235,866
02-01-2010,258,1000
03-01-2010,367.9079913,1045.89722
04-01-2010,398,1000
05-01-2010,280,933
06-01-2010,217,1066
07-01-2010,171,1133
08-01-2010,182,1000
09-01-2010,342.0820978,917.698023
10-01-2010,504.7527056,929.3301564
11-01-2010,485,1000
12-01-2010,246,1000
13-01-2010,207,666
14-01-2010,291.6091209,501.0432589
15-01-2010,277,666
16-01-2010,95,1000
17-01-2010,124.6745203,888.7371461
18-01-2010,232,533
19-01-2010,215,400
20-01-2010,202,666
21-01-2010,171,533
22-01-2010,145,600
23-01-2010,180,400
24-01-2010,252.6562401,448.6524565
25-01-2010,357,666
26-01-2010,455.1341876,785.5844525
27-01-2010,417,800
28-01-2010,243,733
29-01-2010,285,600
30-01-2010,231,666
31-01-2010,338.9255446,677.2643905
01-02-2010,428,600
02-02-2010,274.7272178,511.1922486
03-02-2010,162,500
04-02-2010,282,533
05-02-2010,215,333
06-02-2010,222,400
07-02-2010,213.7314558,395.7041596
08-02-2010,215,400
09-02-2010,253,500
10-02-2010,226,333
11-02-2010,415.9243587,229.7061569
12-02-2010,760.3162411,249.5820688
13-02-2010,803.8774941,324.4727959
14-02-2010,847.438747,386.0234882
15-02-2010,891,366
16-02-2010,317,266
17-02-2010,305,266
18-02-2010,355,266
19-02-2010,235,300
20-02-2010,272,266
21-02-2010,503.9544163,255.3090199
22-02-2010,562,266
23-02-2010,212,266
24-02-2010,213.4339976,264.1806428
25-02-2010,214.8679952,264.5077003
26-02-2010,216.3019928,267.0356126
27-02-2010,217.7359904,271.808585
28-02-2010,219.169988,278.8708228
01-03-2010,220.6039856,288.2665312
02-03-2010,282,300
03-03-2010,252,300
04-03-2010,202,266
05-03-2010,245,300
06-03-2010,225,333
07-03-2010,374.3561768,356.7488044
08-03-2010,440,330
09-03-2010,245,266
10-03-2010,287,333
11-03-2010,270,333
12-03-2010,262,300
13-03-2010,402.6039267,232.5244146
14-03-2010,604.1495144,176.8901749
15-03-2010,712,200
16-03-2010,615.4336737,325.1439698
17-03-2010,372,400
18-03-2010,142,333
19-03-2010,155,333
20-03-2010,162,300
21-03-2010,317.9994632,304.7442942
22-03-2010,397,333
23-03-2010,232,366
24-03-2010,242,466
25-03-2010,252,500
26-03-2010,165,433
27-03-2010,222,333
28-03-2010,372.1796066,308.4460694
29-03-2010,467,333
30-03-2010,405.2980076,352.8356836
31-03-2010,275.1953312,354.1172649
01-04-2010,212,333
02-04-2010,304.4760352,297.0899776
03-04-2010,455,300
04-04-2010,530.7578199,371.5707716
05-04-2010,444,400
06-04-2010,230,333
07-04-2010,202,366
08-04-2010,188.8594113,333
09-04-2010,252,300
10-04-2010,483.2738169,327.3081786
11-04-2010,694.2813372,371.0955704
12-04-2010,627,366
13-04-2010,242,300
14-04-2010,241.5,311.60476
15-04-2010,241,333
16-04-2010,252,333
17-04-2010,225,533
18-04-2010,427.2107354,697.2583884
19-04-2010,517,733
20-04-2010,265,666
21-04-2010,272,666
22-04-2010,285,733
23-04-2010,272,666
24-04-2010,225,733
25-04-2010,199.8292552,779.8284389
26-04-2010,195.942045,784.9096215
27-04-2010,192,800
28-04-2010,185,866
29-04-2010,205,933
30-04-2010,235,866
01-05-2010,514.984519,879.6979698
02-05-2010,810.9977237,942.7311436
03-05-2010,745,933
04-05-2010,285,800
05-05-2010,292,733
06-05-2010,255,800
07-05-2010,331,1000
08-05-2010,468.889208,1148.582386
09-05-2010,574.9343104,1194.173905
10-05-2010,577,1133
11-05-2010,447.3108491,993.0653152
12-05-2010,335,930
13-05-2010,342,1000
14-05-2010,310,933
15-05-2010,342,1000
16-05-2010,346.1626932,1089.892244
17-05-2010,340,1040
18-05-2010,365,800
19-05-2010,412,733
20-05-2010,515,1000
21-05-2010,407,1000
22-05-2010,452,933
23-05-2010,833.7442716,1373.590513
24-05-2010,927,1666
25-05-2010,437,1400
26-05-2010,502,1666
27-05-2010,482,1466
28-05-2010,515,1533
29-05-2010,505,1400
30-05-2010,233.7476047,1257.164548
31-05-2010,144.3738023,1194.569434
01-06-2010,55,1200
02-06-2010,552,1200
03-06-2010,565,1133
04-06-2010,642,1466
05-06-2010,715,1400
06-06-2010,1256.55629,1342.621089
07-06-2010,1475,1400
08-06-2010,852,1466
09-06-2010,865,1333
10-06-2010,1012,933
11-06-2010,1005,800
12-06-2010,2130.274949,864.4173235
13-06-2010,3373.144278,972.4736154
14-06-2010,3015,1000
15-06-2010,955,933
16-06-2010,1205,1000
17-06-2010,1112,933
18-06-2010,1155,1000
19-06-2010,1195.801334,1094.028108
20-06-2010,1157.692462,1157.579249
21-06-2010,1110.594238,1183.826406
22-06-2010,1125,1166
23-06-2010,1215,1133
24-06-2010,1242,1200
25-06-2010,1265,1333
26-06-2010,1252,1400
27-06-2010,1351.185934,1436.138374
28-06-2010,1439.055672,1466
29-06-2010,1305,1533
30-06-2010,955,1666
01-07-2010,1080,1733
02-07-2010,1759.967613,1600
03-07-2010,2552.56246,1400
04-07-2010,2460.78123,1375.838811
05-07-2010,2369,1466
06-07-2010,975,1533
07-07-2010,1318.121583,1504.813837
08-07-2010,1661.243167,1399.21601
09-07-2010,3047.605625,1253.572413
10-07-2010,3116.40375,1105.250022
11-07-2010,3185.201875,991.6158124
12-07-2010,3254,950
13-07-2010,930,980
14-07-2010,886,980
15-07-2010,911,990
16-07-2010,814.4524274,1001.101981
17-07-2010,789.8538365,1005.504324
18-07-2010,765.2552456,1002.002199
19-07-2010,740.6566547,989.415364
20-07-2010,716.0580638,966.5635804
21-07-2010,736.262817,932.2666083
22-07-2010,763.2488403,885.344208
23-07-2010,791.4461001,792.2753664
24-07-2010,815.2845627,699.2065248
25-07-2010,829.1941943,606.1376832
26-07-2010,827.6049613,513.0688416
27-07-2010,805,420
28-07-2010,809,280
29-07-2010,1021.669156,290.2991334
30-07-2010,1359.132555,300.5982668
31-07-2010,1658.078936,310.8974001
01-08-2010,1572.539468,321.1965335
02-08-2010,1487,331.4956669
03-08-2010,851,341.7948003
04-08-2010,804,352.0939336
05-08-2010,757,362.393067
06-08-2010,710,372.6922004
07-08-2010,663,382.9913338
08-08-2010,616,393.2904672
09-08-2010,569,403.5896005
10-08-2010,522,413.8887339
11-08-2010,649.6841967,424.1878673
12-08-2010,777.3683933,434.4870007
13-08-2010,850.3711359,444.7861341
14-08-2010,893.0601452,455.0852674
15-08-2010,910.0413912,465.3844008
16-08-2010,905.9208438,475.6835342
17-08-2010,885.304473,485.9826676
18-08-2010,852.7982486,496.2818009
19-08-2010,813,550
20-08-2010,800,600
21-08-2010,926,633
22-08-2010,1126.823477,638.5696972
23-08-2010,1095,633
24-08-2010,757,633
25-08-2010,753,600
26-08-2010,595,566
27-08-2010,545,733
28-08-2010,441,700
29-08-2010,778.7219436,694.4923864
30-08-2010,962,733
31-08-2010,441,733
01-09-2010,370.5,671.3946646
02-09-2010,300,584.8019591
03-09-2010,229.5,522.2874912
04-09-2010,159,533
05-09-2010,435,646
06-09-2010,418,733
07-09-2010,482,566
08-09-2010,516,600
09-09-2010,216,566
10-09-2010,406,566
11-09-2010,348,533
12-09-2010,164,1000
13-09-2010,294,633
14-09-2010,438,733
15-09-2010,478,800
16-09-2010,312,733
17-09-2010,360,700
18-09-2010,352,666
19-09-2010,378,733
20-09-2010,363,700
21-09-2010,283,666
22-09-2010,234,733
23-09-2010,266,800
24-09-2010,275,733
25-09-2010,275,700
26-09-2010,114,800
27-09-2010,259,733
28-09-2010,296,800
29-09-2010,405,833
30-09-2010,300,866
01-10-2010,411,933
02-10-2010,259,733
03-10-2010,389,666
04-10-2010,489,733
05-10-2010,120,600
06-10-2010,150,466
07-10-2010,329,400
08-10-2010,369,400
09-10-2010,332.2725916,412.5105141
10-10-2010,304,466
11-10-2010,339,533
12-10-2010,396,400
13-10-2010,342,300
14-10-2010,231,400
15-10-2010,316,300
16-10-2010,405.7185795,358.5282675
17-10-2010,370,500
18-10-2010,231,533
19-10-2010,301,500
20-10-2010,456,466
21-10-2010,394,500
22-10-2010,320,888
23-10-2010,333,633
24-10-2010,368,533
25-10-2010,297,633
26-10-2010,488,566
27-10-2010,353,566
28-10-2010,444,433
29-10-2010,342,400
30-10-2010,366,366
31-10-2010,364,300
01-11-2010,277,366
02-11-2010,459,400
03-11-2010,351,433
04-11-2010,313,400
05-11-2010,385,400
06-11-2010,393,533
07-11-2010,108,733
08-11-2010,114,933
09-11-2010,344,266
10-11-2010,347.8329387,299.4
11-11-2010,351.6658774,332.8
12-11-2010,355.4988161,366.2
13-11-2010,359.3317548,399.6
14-11-2010,263,433
15-11-2010,199.0127976,543.7248638
16-11-2010,167.0777554,540.6864017
17-11-2010,158.8289508,492.0677196
18-11-2010,166,466
19-11-2010,215,486
20-11-2010,343,466
21-11-2010,283,500
22-11-2010,286,520
23-11-2010,292,533
24-11-2010,324,533
25-11-2010,304,466
26-11-2010,308,500
27-11-2010,312,533
28-11-2010,328,553
29-11-2010,346,566
30-11-2010,464,580
01-12-2010,431,600
02-12-2010,555,586
03-12-2010,371,653
04-12-2010,346,1066
05-12-2010,353.5799607,999.5354352
06-12-2010,327,700
07-12-2010,290.6576646,633
08-12-2010,324,653
09-12-2010,403,646
10-12-2010,266,1116
11-12-2010,304.4126065,1159.207059
12-12-2010,392,966
13-12-2010,320,1066
14-12-2010,259.879817,1566.972348
15-12-2010,242,1780
16-12-2010,233,1233
17-12-2010,223.7450232,840.9167025
18-12-2010,223,1033
19-12-2010,242,1666
20-12-2010,241,1733
21-12-2010,229,1766
22-12-2010,231,1586
23-12-2010,293,1566
24-12-2010,223,1586
25-12-2010,152.250581,1571.9936
26-12-2010,117.1571386,1536.173789
27-12-2010,103,1500
28-12-2010,96.09613397,1484.378961
29-12-2010,87,1510.715939
30-12-2010,67,1600
31-12-2010,92,1866
01-01-2011,81,1933
02-01-2011,90.07389373,1866.799292
03-01-2011,107,1466
04-01-2011,118.9256404,1006.945221
05-01-2011,113,766
06-01-2011,93,866
07-01-2011,105.1378089,951.673055
08-01-2011,115,1066
09-01-2011,89,1266
10-01-2011,78,1280
11-01-2011,77,1293
12-01-2011,70.33321788,1291.903853
13-01-2011,63,1266
14-01-2011,59,1366
15-01-2011,40.53248236,2039.291627
16-01-2011,22,2866
17-01-2011,22,3000
18-01-2011,21,1800
19-01-2011,28,1333
20-01-2011,80,1366
21-01-2011,48,1333
22-01-2011,30,1867
23-01-2011,22.81694273,2346.202767
24-01-2011,25.54007688,2585.229066
25-01-2011,28.26321103,2426.545977
26-01-2011,30.98634519,2267.862889
27-01-2011,33.70947934,2109.179801
28-01-2011,36.43261349,1950.496712
29-01-2011,39.15574765,1597.18428
30-01-2011,41.8788818,1304.78952
31-01-2011,44.60201596,1012.39476
01-02-2011,67,720
02-02-2011,80,613
03-02-2011,50,566
04-02-2011,59,453
05-02-2011,50,433
06-02-2011,41,400
07-02-2011,58,266
08-02-2011,67,313
09-02-2011,67,433
10-02-2011,85,453
11-02-2011,58,466
12-02-2011,54.81720727,500.9855575
13-02-2011,72.09597721,522.7678947
14-02-2011,76,506
15-02-2011,60,466
16-02-2011,87,486
17-02-2011,104,346
18-02-2011,118,266
19-02-2011,133,293
20-02-2011,100.5797617,289.0340358
21-02-2011,99,280
22-02-2011,165,300
23-02-2011,133,266
24-02-2011,158,253
25-02-2011,210,266
26-02-2011,184,246
27-02-2011,188.7506972,254.2009239
28-02-2011,201,280
01-03-2011,172,300
02-03-2011,151,306
03-03-2011,138.0147642,323.4313209
04-03-2011,134.4539628,339.561551
05-03-2011,136,346
06-03-2011,142.9652924,336.8089014
07-03-2011,151,326
08-03-2011,158.1731463,328.3912689
09-03-2011,165.0961813,345.4963945
10-03-2011,171.4798839,375.7480637
11-03-2011,176.4403575,379.219292
12-03-2011,181.4008311,382.6905203
13-03-2011,186.3613047,386.1617486
14-03-2011,191.3217782,389.632977
15-03-2011,196.2822518,393.1042053
16-03-2011,200.0142649,396.5754336
17-03-2011,203.4017139,400.0466619
18-03-2011,206.472423,403.5178902
19-03-2011,209.2542162,406.9891186
20-03-2011,211.7749175,410.4603469
21-03-2011,214.062351,413.9315752
22-03-2011,216.1443408,417.4028035
23-03-2011,218.048711,420.8740318
24-03-2011,219.8032855,424.3452602
25-03-2011,221.4358885,427.8164885
26-03-2011,222.9743441,431.2877168
27-03-2011,224.4464762,434.7589451
28-03-2011,225.880109,438.2301734
29-03-2011,227.3030664,441.7014018
30-03-2011,228.7431727,445.1726301
31-03-2011,230.2282517,448.6438584
01-04-2011,235,452.1150867
02-04-2011,229,455.586315
03-04-2011,232.1614961,459.0575434
04-04-2011,212.614214,462.5287717
05-04-2011,159,466
06-04-2011,79,253
07-04-2011,109,248.8383779
08-04-2011,223,244.6767557
09-04-2011,286.3572054,240.5151336
10-04-2011,287.7291696,236.3535114
11-04-2011,256,232.1918893
12-04-2011,197,228.0302672
13-04-2011,87,223.868645
14-04-2011,88.15298363,219.7070229
15-04-2011,155,215.5454007
16-04-2011,193.7699988,211.3837786
17-04-2011,199.5859876,207.2221565
18-04-2011,179,203.0605343
19-04-2011,163,198.8989122
20-04-2011,133,226
21-04-2011,136,233
22-04-2011,123.3417168,216.3060027
23-04-2011,114,213
24-04-2011,130.0679249,244.7985156
25-04-2011,168,253
26-04-2011,200,205
27-04-2011,173,213
28-04-2011,165,266
29-04-2011,129,286
30-04-2011,101,400
01-05-2011,129,533
02-05-2011,209,566
03-05-2011,162,533
04-05-2011,146,553
05-05-2011,123,567
06-05-2011,102.9421746,524.789922
07-05-2011,102,500
08-05-2011,121.3039821,556.0898932
09-05-2011,131,560
10-05-2011,124,466
11-05-2011,153,500
12-05-2011,129,267
13-05-2011,139,280
14-05-2011,121,300
15-05-2011,123.2084603,413.7464142
16-05-2011,144,500
17-05-2011,158,466
18-05-2011,156,533
19-05-2011,191,433
20-05-2011,139,333
21-05-2011,95,400
22-05-2011,153,333
23-05-2011,212,400
24-05-2011,108,367
25-05-2011,160,334
26-05-2011,141,267
27-05-2011,147,400
28-05-2011,182,367
29-05-2011,161,367
30-05-2011,181,400
31-05-2011,232,367
01-06-2011,208,333
02-06-2011,238,467
03-06-2011,211,400
04-06-2011,253,480
05-06-2011,253,373
06-06-2011,338,333
07-06-2011,439,267
08-06-2011,407,307
09-06-2011,425,360
10-06-2011,50,367
11-06-2011,513,500
12-06-2011,476,533
13-06-2011,468,400
14-06-2011,475,467
15-06-2011,476,500
16-06-2011,599,467
17-06-2011,642,347
18-06-2011,634,367
19-06-2011,643,433
20-06-2011,534,467
21-06-2011,492,533
22-06-2011,407,600
23-06-2011,587,640
24-06-2011,624,700
25-06-2011,864,667
26-06-2011,645,567
27-06-2011,687,633
28-06-2011,519,667
29-06-2011,736,600
30-06-2011,751,467
01-07-2011,690,400
02-07-2011,740,333
03-07-2011,592,566
04-07-2011,695,500
05-07-2011,792,533
06-07-2011,710,467
07-07-2011,814,367
08-07-2011,1137,300
09-07-2011,1240,367
10-07-2011,1038,433
11-07-2011,1071,467
12-07-2011,1004,500
13-07-2011,923,533
14-07-2011,1004,300
15-07-2011,1093,267
16-07-2011,1142,223.9190092
17-07-2011,951,147
18-07-2011,1036,153
19-07-2011,1095,320
20-07-2011,1052,333
21-07-2011,1148,400
22-07-2011,1400,453.4838873
23-07-2011,1135,465.7560019
24-07-2011,1241,450.6515406
25-07-2011,1113,422.0607221
26-07-2011,1250,393.8737652
27-07-2011,1043,380
28-07-2011,1057,400
29-07-2011,1069,435
30-07-2011,1034,335
31-07-2011,986,300
01-08-2011,935,400
02-08-2011,976,430
03-08-2011,841,500
04-08-2011,841,400
05-08-2011,883,435
06-08-2011,862,467
07-08-2011,871,530
08-08-2011,949,560
09-08-2011,779,335
10-08-2011,875,400
11-08-2011,826,330
12-08-2011,742,400
13-08-2011,634,530
14-08-2011,507,600
15-08-2011,674,530
16-08-2011,738,500
17-08-2011,755,400
18-08-2011,671,300
19-08-2011,473,400
20-08-2011,689,265
21-08-2011,834,330
22-08-2011,544,365
23-08-2011,587,430
24-08-2011,543,435
25-08-2011,472,500
26-08-2011,718,530
27-08-2011,448,400
28-08-2011,439,533
29-08-2011,251,433
30-08-2011,457,466
31-08-2011,247,370
01-09-2011,266,400
02-09-2011,267,435
03-09-2011,164,480
04-09-2011,248,500
05-09-2011,222,500
06-09-2011,261,530
07-09-2011,251,566
08-09-2011,336,435
09-09-2011,285,400
10-09-2011,216,466
11-09-2011,235,500
12-09-2011,115,535
13-09-2011,187,550
14-09-2011,173,500
15-09-2011,180,530
16-09-2011,188,533
17-09-2011,215,466
18-09-2011,169,635
19-09-2011,179,560
20-09-2011,212,600
21-09-2011,184,600
22-09-2011,128,600
23-09-2011,194,666
24-09-2011,111,865
25-09-2011,130,800
26-09-2011,140,600
27-09-2011,188,733
28-09-2011,124,800
29-09-2011,166,733
30-09-2011,115,665
01-10-2011,142,665
02-10-2011,161,665
03-10-2011,177,735
04-10-2011,202,705.1357942
05-10-2011,155,665
06-10-2011,181,735
07-10-2011,126,800
08-10-2011,204,800
09-10-2011,212,935
10-10-2011,225,1000
11-10-2011,199,1135
12-10-2011,160,1200
13-10-2011,201,1065
14-10-2011,163,1135
15-10-2011,184,1200
16-10-2011,267,1066
17-10-2011,179,1065
18-10-2011,219,935
19-10-2011,204,1000
20-10-2011,224,1065
21-10-2011,216,800
22-10-2011,197,933
23-10-2011,219,1000
24-10-2011,147,1135
25-10-2011,203,1066
26-10-2011,226,1135
27-10-2011,166,1200
28-10-2011,170,1135
29-10-2011,222,1500
30-10-2011,194,1265
31-10-2011,252,1466
01-11-2011,209,1733
02-11-2011,188,1600
03-11-2011,223,1666
04-11-2011,249,1733
05-11-2011,49,1333
06-11-2011,147,1200
07-11-2011,185,1400
08-11-2011,198,1466
09-11-2011,187,1533
10-11-2011,264,1066
11-11-2011,165,933
12-11-2011,220,1267
13-11-2011,220,1465
14-11-2011,244,1533
15-11-2011,247,1200
16-11-2011,254,800
17-11-2011,272,733
18-11-2011,333,800
19-11-2011,280,835
20-11-2011,288,535
21-11-2011,283,535
22-11-2011,337,600
23-11-2011,276,665
24-11-2011,225,600
25-11-2011,260,400
26-11-2011,320,400
27-11-2011,233,465
28-11-2011,277,335
29-11-2011,303,400
30-11-2011,294,365
01-12-2011,368,535
02-12-2011,369,400
03-12-2011,417,265
04-12-2011,518,400
05-12-2011,560,420
06-12-2011,436,400
07-12-2011,525,435
08-12-2011,499,550
09-12-2011,447,500
10-12-2011,428,500
11-12-2011,416,535
12-12-2011,646,365
13-12-2011,492,335
14-12-2011,232,346
15-12-2011,372,307.3700824
16-12-2011,395,265
17-12-2011,408,267
18-12-2011,374,300
19-12-2011,365,315
20-12-2011,322,300
21-12-2011,355,305
22-12-2011,399,320
23-12-2011,322,320
24-12-2011,310,335
25-12-2011,305,360
26-12-2011,344,366
27-12-2011,266,280
28-12-2011,309,286
29-12-2011,317,300
30-12-2011,322,320
31-12-2011,222,400
01-01-2012,81,800
02-01-2012,337,466
03-01-2012,306,433
04-01-2012,292,366
05-01-2012,286,320
06-01-2012,296,300
07-01-2012,276,315
08-01-2012,289,320
09-01-2012,277,335
10-01-2012,263,306
11-01-2012,267,300
12-01-2012,369,265
13-01-2012,356,200
14-01-2012,345,170.2547706
15-01-2012,209,180.2623419
16-01-2012,176,200
17-01-2012,147,215
18-01-2012,231,255
19-01-2012,191,320
20-01-2012,203,365
21-01-2012,200,300
22-01-2012,214,433
23-01-2012,231,453
24-01-2012,245,435
25-01-2012,268,320
26-01-2012,290,265
27-01-2012,249,300
28-01-2012,252,535
29-01-2012,188,566
30-01-2012,183,585
31-01-2012,223,500
01-02-2012,218,465
02-02-2012,256,480
03-02-2012,241,535
04-02-2012,156,635
05-02-2012,130,653
06-02-2012,139,565
07-02-2012,149,545
08-02-2012,133,565
09-02-2012,176,565
10-02-2012,143,600
11-02-2012,103,633
12-02-2012,148,800
13-02-2012,76,735
14-02-2012,131,400
15-02-2012,169,600
16-02-2012,164,465
17-02-2012,114,635
18-02-2012,85,667
19-02-2012,93,635
20-02-2012,113,800
21-02-2012,121,935
22-02-2012,66,765
23-02-2012,75,665
24-02-2012,255,635
25-02-2012,125,800
26-02-2012,75,1000
27-02-2012,82,935
28-02-2012,69,900
29-02-2012,36,730
01-03-2012,91,930
02-03-2012,85,865
03-03-2012,69,1000
04-03-2012,80,1065
05-03-2012,67,1065
06-03-2012,74,935
07-03-2012,87,900
08-03-2012,104,865
09-03-2012,96,735
10-03-2012,72,735
11-03-2012,88,800
12-03-2012,65,735
13-03-2012,105,767
14-03-2012,111,835
15-03-2012,85,800
16-03-2012,92,835
17-03-2012,53,865
18-03-2012,90,900
19-03-2012,78,935
20-03-2012,66,1065
21-03-2012,64,1135
22-03-2012,81,1165
23-03-2012,67,1400
24-03-2012,37,1465
25-03-2012,26,1200
26-03-2012,53,1265
27-03-2012,84,1135
28-03-2012,76,1165
29-03-2012,67,1135
30-03-2012,67,1165
31-03-2012,57,1185
01-04-2012,26,1265
02-04-2012,39,1300
03-04-2012,31,1315
04-04-2012,49,1320
05-04-2012,63,1200
06-04-2012,87,865
07-04-2012,61,1200
08-04-2012,49,1265
09-04-2012,72,1300
10-04-2012,84,1135
11-04-2012,129,1065
12-04-2012,84,1000
13-04-2012,62,935
14-04-2012,78,965
15-04-2012,56,985
16-04-2012,91,1000
17-04-2012,86,733
18-04-2012,131,666
19-04-2012,109,653
20-04-2012,101,635
21-04-2012,102,600
22-04-2012,123,635
23-04-2012,207,645
24-04-2012,195,730
25-04-2012,185,865
26-04-2012,155,835
27-04-2012,179,735
28-04-2012,167,800
29-04-2012,214,635
30-04-2012,270,655
01-05-2012,238,1000
02-05-2012,159,965
03-05-2012,349,935
04-05-2012,187,965
05-05-2012,140,980
06-05-2012,98,1035
07-05-2012,141,1200
08-05-2012,173,965
09-05-2012,177,980
10-05-2012,193,835
11-05-2012,358,800
12-05-2012,217,600
13-05-2012,233,613
14-05-2012,259,733
15-05-2012,247,665
16-05-2012,294,865
17-05-2012,235,735
18-05-2012,229,765
19-05-2012,270,700
20-05-2012,285,735
21-05-2012,251,765
22-05-2012,286,800
23-05-2012,370,835
24-05-2012,333,733
25-05-2012,408,600
26-05-2012,394,633
27-05-2012,446,646
28-05-2012,489,600
29-05-2012,454,453
30-05-2012,513,500
31-05-2012,341,600
01-06-2012,373,635
02-06-2012,453,655
03-06-2012,635,700
04-06-2012,569,635
05-06-2012,423,645
06-06-2012,540,700
07-06-2012,445,720
08-06-2012,489,735
09-06-2012,548,765
10-06-2012,670,700
11-06-2012,616,665
12-06-2012,635,560
13-06-2012,615,600
14-06-2012,517,565
15-06-2012,632,565
16-06-2012,637,600
17-06-2012,524,640
18-06-2012,710,665
19-06-2012,688,735
20-06-2012,752,665
21-06-2012,646,700
22-06-2012,726,665
23-06-2012,576,735
24-06-2012,543,735
25-06-2012,435,866
26-06-2012,438,900
27-06-2012,567,930
28-06-2012,538,1000
29-06-2012,551,865
30-06-2012,578,800
01-07-2012,534,765
02-07-2012,557,786
03-07-2012,557,735
04-07-2012,531,833
05-07-2012,590,853
06-07-2012,615,866
07-07-2012,422,966
08-07-2012,397,1200
09-07-2012,379,1533
10-07-2012,446,1200
11-07-2012,431,1300
12-07-2012,575,1333
13-07-2012,559,1400
14-07-2012,425,1400
15-07-2012,535,1433
16-07-2012,440,1466
17-07-2012,389,1400
18-07-2012,516,1533
19-07-2012,521,1566
20-07-2012,518,1600
21-07-2012,495,1430
22-07-2012,516,1600
23-07-2012,515,1533
24-07-2012,538,1200
25-07-2012,542,1400
26-07-2012,497,1133
27-07-2012,443,866
28-07-2012,416,1333
29-07-2012,498,1000
30-07-2012,468,733
31-07-2012,521,866
01-08-2012,553,833
02-08-2012,689,866
03-08-2012,612,833
04-08-2012,525,866
05-08-2012,548,1266
06-08-2012,510,1300
07-08-2012,530,1320
08-08-2012,539,866
09-08-2012,599,800
10-08-2012,460,833
11-08-2012,428,866
12-08-2012,484,933
13-08-2012,412,1000
14-08-2012,531,733
15-08-2012,568,700
16-08-2012,500,733
17-08-2012,495,733
18-08-2012,453,766
19-08-2012,446,733
20-08-2012,605,733
21-08-2012,344,733
22-08-2012,458,700
23-08-2012,513,720
24-08-2012,463,733
25-08-2012,366,766
26-08-2012,383,800
27-08-2012,434,833
28-08-2012,362,866
29-08-2012,339,700
30-08-2012,313,566
31-08-2012,340,666
01-09-2012,377,633
02-09-2012,318,666
03-09-2012,306,700
04-09-2012,280,766
05-09-2012,284,733
06-09-2012,373,600
07-09-2012,366,566
08-09-2012,329,586
09-09-2012,284,600
10-09-2012,289,535
11-09-2012,287,470
12-09-2012,229,500
13-09-2012,351,466
14-09-2012,254,566
15-09-2012,279,600
16-09-2012,255,566
17-09-2012,288,600
18-09-2012,220,566
19-09-2012,304,433
20-09-2012,65,500
21-09-2012,220,566
22-09-2012,184,435
23-09-2012,324,600
24-09-2012,240,565
25-09-2012,258,600
26-09-2012,253,635
27-09-2012,278,640
28-09-2012,280,465
29-09-2012,204,500
30-09-2012,233,466
01-10-2012,256,433
02-10-2012,179,400
03-10-2012,288,266
04-10-2012,221,233
05-10-2012,211,266
06-10-2012,133,366
07-10-2012,235,433
08-10-2012,174,466
09-10-2012,182,500
10-10-2012,220,480
11-10-2012,214,433
12-10-2012,227,413
13-10-2012,191,335
14-10-2012,175,320
15-10-2012,176,365
16-10-2012,180,433
17-10-2012,197,466
18-10-2012,206,400
19-10-2012,255,400
20-10-2012,177,466
21-10-2012,202,500
22-10-2012,231,466
23-10-2012,147,480
24-10-2012,142.072409,518.7552214
25-10-2012,189,566
26-10-2012,213,613
27-10-2012,224,565
28-10-2012,175,435
29-10-2012,210,435
30-10-2012,251,435
31-10-2012,254,433
01-11-2012,149,566
02-11-2012,125,633
03-11-2012,94,600
04-11-2012,158,566
05-11-2012,169,520
06-11-2012,251,633
07-11-2012,169,766
08-11-2012,178,733
09-11-2012,242,660
10-11-2012,211,733
11-11-2012,254,933
12-11-2012,268,566
13-11-2012,209,386
14-11-2012,143,600
15-11-2012,176,635
16-11-2012,185,600
17-11-2012,201,465
18-11-2012,246,533
19-11-2012,168,600
20-11-2012,154,533
21-11-2012,130,635
22-11-2012,140,866
23-11-2012,119,900
24-11-2012,162,913
25-11-2012,161,935
26-11-2012,146,966
27-11-2012,152,735
28-11-2012,196,566
29-11-2012,55,540
30-11-2012,252,533
01-12-2012,217,600
02-12-2012,137,653
03-12-2012,148,766
04-12-2012,153,800
05-12-2012,221,833
06-12-2012,85,855
07-12-2012,112,835
08-12-2012,92,846
09-12-2012,100,1066
10-12-2012,111,853
11-12-2012,106,833
12-12-2012,63,846
13-12-2012,89,855
14-12-2012,65,866
15-12-2012,67,865
16-12-2012,48,935
17-12-2012,64,866
18-12-2012,92,800
19-12-2012,81,600
20-12-2012,10,400
21-12-2012,97,466
22-12-2012,106,567
23-12-2012,109,500
24-12-2012,96,600
25-12-2012,53,530
26-12-2012,36,566
27-12-2012,77,600
28-12-2012,77,730
29-12-2012,104,766
30-12-2012,70,700
31-12-2012,74,733
01-01-2013,111,666
02-01-2013,77,733
03-01-2013,70,766
04-01-2013,93,800
05-01-2013,101,833
06-01-2013,56,733
07-01-2013,77,700
08-01-2013,74,735
09-01-2013,72,655
10-01-2013,76,615
11-01-2013,90,586
12-01-2013,133,535
13-01-2013,118,466
14-01-2013,76,566
15-01-2013,56,466
16-01-2013,63,833
17-01-2013,110,866
18-01-2013,93,865
19-01-2013,77,900
20-01-2013,86,765
21-01-2013,61,835
22-01-2013,75,800
23-01-2013,63,565
24-01-2013,79,500
25-01-2013,93,565
26-01-2013,95,535
27-01-2013,78,765
28-01-2013,69,665
29-01-2013,98,500
30-01-2013,130,520
31-01-2013,123,535
01-02-2013,118,565
02-02-2013,106,600
03-02-2013,90,566
04-02-2013,84,586
05-02-2013,124,600
06-02-2013,120,566
07-02-2013,90,535
08-02-2013,82,566
09-02-2013,93,600
10-02-2013,116,640
11-02-2013,87,655
12-02-2013,215,566
13-02-2013,95,585
14-02-2013,101,535
15-02-2013,52,466
16-02-2013,70,550
17-02-2013,73,500
18-02-2013,54,466
19-02-2013,55,435
20-02-2013,64,400
21-02-2013,73,435
22-02-2013,41,446
23-02-2013,56,365
24-02-2013,52,400
25-02-2013,49,466
26-02-2013,50,600
27-02-2013,52,575
28-02-2013,47,430
01-03-2013,41,365
02-03-2013,64,345
03-03-2013,55,400
04-03-2013,58,466
05-03-2013,91,465
06-03-2013,53,433.7954709
07-03-2013,105,413
08-03-2013,50,400
09-03-2013,112,330
10-03-2013,84,400
11-03-2013,85,433
12-03-2013,70,466
13-03-2013,41,420
14-03-2013,71,433
15-03-2013,100,366
16-03-2013,48,333
17-03-2013,64,366
18-03-2013,39,386
19-03-2013,55,353
20-03-2013,64,366
21-03-2013,57,400
22-03-2013,57,431.6688893
23-03-2013,65,466
24-03-2013,74,486
25-03-2013,54,453
26-03-2013,89,466
27-03-2013,54,433
28-03-2013,49,466
29-03-2013,53,500
30-03-2013,44,520
31-03-2013,65,531.1173402
01-04-2013,53,529.587041
02-04-2013,28,507.0088642
03-04-2013,32,455.2148392
04-04-2013,46,366
05-04-2013,82,266
06-04-2013,53,266
07-04-2013,38,300
08-04-2013,36,320
09-04-2013,64,400
10-04-2013,78,500
11-04-2013,78,966
12-04-2013,99,1066
13-04-2013,65,800
14-04-2013,101,700
15-04-2013,58,666
16-04-2013,96,866
17-04-2013,86,933
18-04-2013,79,733
19-04-2013,73,800
20-04-2013,112,866
21-04-2013,49,966
22-04-2013,86,1000
23-04-2013,69,1066
24-04-2013,64,1066
25-04-2013,60,1033
26-04-2013,82,933
27-04-2013,67,1033
28-04-2013,37,1200
29-04-2013,78,1233
30-04-2013,67,1266
01-05-2013,52,1300
02-05-2013,64,1333
03-05-2013,73,1600
04-05-2013,52,1533
05-05-2013,35,1533
06-05-2013,46,1666
07-05-2013,74,966
08-05-2013,100,900
09-05-2013,96,1200
10-05-2013,68,1266
11-05-2013,92,933
12-05-2013,82,1133
13-05-2013,87,1533
14-05-2013,95,1466
15-05-2013,86,1000
16-05-2013,91,860
17-05-2013,88,1000
18-05-2013,75,866
19-05-2013,96,1065
20-05-2013,87,1200
21-05-2013,81,1330
22-05-2013,77,1466
23-05-2013,83,1645
24-05-2013,93,1733
25-05-2013,122,1334
26-05-2013,67,1767
27-05-2013,68,1700
28-05-2013,77,1500
29-05-2013,74,1533
30-05-2013,70,1334
31-05-2013,77,1734
01-06-2013,95,1480
02-06-2013,87,1734
03-06-2013,82,2000
04-06-2013,68,1867
05-06-2013,52,1400
06-06-2013,135,1767
07-06-2013,89,1334
08-06-2013,90,1400
09-06-2013,96,1135
10-06-2013,119,1234
11-06-2013,123,1434
12-06-2013,126,1134
13-06-2013,120,1100
14-06-2013,135,1600
15-06-2013,153,1534
16-06-2013,155,1134
17-06-2013,211,1100
18-06-2013,192,1400
19-06-2013,201,1600
20-06-2013,247,1500
21-06-2013,202,1453
22-06-2013,221,1786
23-06-2013,177,1454
24-06-2013,252,1487
25-06-2013,248,1366
26-06-2013,237,1333
27-06-2013,235,1360
28-06-2013,281,1267
29-06-2013,241,1200
30-06-2013,266,1094
01-07-2013,254,1134
02-07-2013,270,1447
03-07-2013,253,1734
04-07-2013,284,1534
05-07-2013,256,1433
06-07-2013,240,1267
07-07-2013,237,1433
08-07-2013,259,1387
09-07-2013,257,1367
10-07-2013,248,1413
11-07-2013,317,1300
12-07-2013,242,1360
13-07-2013,273,1306
14-07-2013,275,1413
15-07-2013,362,1300
16-07-2013,366,967
17-07-2013,373,1080
18-07-2013,373,900
19-07-2013,329,867
20-07-2013,341,767
21-07-2013,445,820
22-07-2013,469,787
23-07-2013,399,1220
24-07-2013,432,1013
25-07-2013,519,1080
26-07-2013,488,967
27-07-2013,402,947
28-07-2013,581,933
29-07-2013,448,906
30-07-2013,577,847
31-07-2013,486,786.6531057
01-08-2013,560,786.8872618
02-08-2013,510,787.1214178
03-08-2013,513,787.3555738
04-08-2013,474,787.5897299
05-08-2013,517,787.8238859
06-08-2013,482,788.058042
07-08-2013,526,788.292198
08-08-2013,513,788.526354
09-08-2013,550,788.7605101
10-08-2013,441,788.9946661
11-08-2013,484,789.2288222
12-08-2013,545,789.4629782
13-08-2013,522,789.6971342
14-08-2013,509,789.9312903
15-08-2013,540,790.1654463
16-08-2013,410,790.3996024
17-08-2013,477,790.6337584
18-08-2013,395,790.8679144
19-08-2013,535,791.1020705
20-08-2013,571,791.3362265
21-08-2013,406,791.5703826
22-08-2013,429,791.8045386
23-08-2013,493,792.0386946
24-08-2013,370,792.2728507
25-08-2013,411,792.5070067
26-08-2013,471,792.7411628
27-08-2013,481,792.9753188
28-08-2013,398,793.2094748
29-08-2013,391,793.4436309
30-08-2013,410,793.6777869
31-08-2013,348,793.911943
01-09-2013,372,794.146099
02-09-2013,313,794.380255
03-09-2013,399,794.6144111
04-09-2013,280,794.8485671
05-09-2013,350,795.0827232
06-09-2013,315,795.3168792
07-09-2013,306,795.5510352
08-09-2013,253,795.7851913
09-09-2013,277,796.0193473
10-09-2013,173,796.2535034
11-09-2013,149,796.4876594
12-09-2013,181,796.7218154
13-09-2013,169,796.9559715
14-09-2013,221,797.1901275
15-09-2013,168,797.4242836
16-09-2013,168,797.6584396
17-09-2013,159,797.8925956
18-09-2013,180,798.1267517
19-09-2013,194,798.3609077
20-09-2013,159,798.5950638
21-09-2013,124,798.8292198
22-09-2013,134,799.0633758
23-09-2013,201,799.2975319
24-09-2013,91,799.5316879
25-09-2013,113,799.765844
26-09-2013,122,800
27-09-2013,122,800
28-09-2013,110,867
29-09-2013,129,880
30-09-2013,125,840
01-10-2013,146,933
02-10-2013,166,600
03-10-2013,162,633
04-10-2013,141,630.1086957
05-10-2013,109,627.2173913
06-10-2013,110,624.326087
07-10-2013,119,621.4347826
08-10-2013,143,618.5434783
09-10-2013,96,615.6521739
10-10-2013,93,612.7608696
11-10-2013,89,609.8695652
12-10-2013,69,606.9782609
13-10-2013,88,604.0869565
14-10-2013,75,601.1956522
15-10-2013,28,598.3043478
16-10-2013,57,595.4130435
17-10-2013,55,592.5217391
18-10-2013,63,589.6304348
19-10-2013,67,586.7391304
20-10-2013,44,583.8478261
21-10-2013,31,580.9565217
22-10-2013,66,578.0652174
23-10-2013,43,575.173913
24-10-2013,83,572.2826087
25-10-2013,48,569.3913043
26-10-2013,40,566.5
27-10-2013,49,563.6086957
28-10-2013,42,560.7173913
29-10-2013,54,557.826087
30-10-2013,40,554.9347826
31-10-2013,85,552.0434783
01-11-2013,65,549.1521739
02-11-2013,82,546.2608696
03-11-2013,79,543.3695652
04-11-2013,89,540.4782609
05-11-2013,81,537.5869565
06-11-2013,150,534.6956522
07-11-2013,161,531.8043478
08-11-2013,144,528.9130435
09-11-2013,179,526.0217391
10-11-2013,153,523.1304348
11-11-2013,137,520.2391304
12-11-2013,154,517.3478261
13-11-2013,137,514.4565217
14-11-2013,124,511.5652174
15-11-2013,146,508.673913
16-11-2013,104,505.7826087
17-11-2013,75,502.8913043
18-11-2013,93,500
19-11-2013,97,497.1086957
20-11-2013,153,494.2173913
21-11-2013,144,491.326087
22-11-2013,141,488.4347826
23-11-2013,130,485.5434783
24-11-2013,111,482.6521739
25-11-2013,180,479.7608696
26-11-2013,176,476.8695652
27-11-2013,162,473.9782609
28-11-2013,167,471.0869565
29-11-2013,211,468.1956522
30-11-2013,224,465.3043478
01-12-2013,172,462.4130435
02-12-2013,226,459.5217391
03-12-2013,207,456.6304348
04-12-2013,196,453.7391304
05-12-2013,186,450.8478261
06-12-2013,178,447.9565217
07-12-2013,186,445.0652174
08-12-2013,180,442.173913
09-12-2013,173,439.2826087
10-12-2013,206,436.3913043
11-12-2013,174,433.5
12-12-2013,209,430.6086957
13-12-2013,198,427.7173913
14-12-2013,142,424.826087
15-12-2013,202,421.9347826
16-12-2013,193,419.0434783
17-12-2013,182,416.1521739
18-12-2013,198,413.2608696
19-12-2013,105,410.3695652
20-12-2013,232,407.4782609
21-12-2013,168,404.5869565
22-12-2013,201,401.6956522
23-12-2013,198,398.8043478
24-12-2013,149,395.9130435
25-12-2013,169,393.0217391
26-12-2013,251,390.1304348
27-12-2013,308,387.2391304
28-12-2013,237,384.3478261
29-12-2013,268,381.4565217
30-12-2013,223,378.5652174
31-12-2013,227,375.673913
01-01-2014,246,372.7826087
02-01-2014,209,369.8913043
03-01-2014,211,367
04-01-2014,296,347
05-01-2014,344,433
06-01-2014,284,347
07-01-2014,294,233
08-01-2014,301,267
09-01-2014,304,253
10-01-2014,221,227
11-01-2014,281.265656,274.9691863
12-01-2014,351,300
13-01-2014,336,233
14-01-2014,448,200
15-01-2014,171,233
16-01-2014,211,267
17-01-2014,151,300
18-01-2014,295,267
19-01-2014,338,240
20-01-2014,422,233
21-01-2014,320,167
22-01-2014,351,167
23-01-2014,198,167
24-01-2014,296,173
25-01-2014,190,147
26-01-2014,150,167
27-01-2014,235,187
28-01-2014,232,173
29-01-2014,180,167
30-01-2014,220,187
31-01-2014,271,173
01-02-2014,181,160
02-02-2014,253,174
03-02-2014,147,200
04-02-2014,171,213
05-02-2014,118,200
06-02-2014,188,213
07-02-2014,279,187
08-02-2014,137,200
09-02-2014,144,180
10-02-2014,150,225
11-02-2014,81,300
12-02-2014,102,266
13-02-2014,117,330
14-02-2014,58,310.6760618
15-02-2014,105,233
16-02-2014,43,200
17-02-2014,45,227
18-02-2014,61,213
19-02-2014,73,186
20-02-2014,58,200
21-02-2014,50,200
22-02-2014,62,200
23-02-2014,25,213
24-02-2014,54,187
25-02-2014,62,200
26-02-2014,39,226
27-02-2014,73,213
28-02-2014,28,232
01-03-2014,48,253
02-03-2014,24,226
03-03-2014,60,220.3736216
04-03-2014,61,226
05-03-2014,48,200
06-03-2014,83,186
07-03-2014,59,300
08-03-2014,46,324.9900685
09-03-2014,38,268.7741078
10-03-2014,42,232
11-03-2014,109,267
12-03-2014,60,270.8495688
13-03-2014,57,254.3150344
14-03-2014,32,267
15-03-2014,22,341.5081883
16-03-2014,32,432
17-03-2014,28,467
18-03-2014,47,433
19-03-2014,35,400
20-03-2014,38,346
21-03-2014,51,333
22-03-2014,56,400
23-03-2014,48,466
24-03-2014,53,400
25-03-2014,41,413
26-03-2014,49,346
27-03-2014,58,373
28-03-2014,61,333
29-03-2014,46,434
30-03-2014,63,500
31-03-2014,59,567
01-04-2014,46,800
02-04-2014,30,467
03-04-2014,58,300
04-04-2014,77,267
05-04-2014,67,253
06-04-2014,81,400
07-04-2014,69,433
08-04-2014,72,400
09-04-2014,42,367
10-04-2014,95,333
11-04-2014,93,500
12-04-2014,74,533
13-04-2014,162,547
14-04-2014,97,373
15-04-2014,96,333
16-04-2014,141,366
17-04-2014,82,433
18-04-2014,74,500
19-04-2014,89,467
20-04-2014,59,500
21-04-2014,102,532
22-04-2014,74,400
23-04-2014,58,334
24-04-2014,71,534
25-04-2014,109,533
26-04-2014,81,600
27-04-2014,79,634
28-04-2014,94,667
29-04-2014,89,600
30-04-2014,77,533
01-05-2014,73,500
02-05-2014,125,434
03-05-2014,80,632
04-05-2014,51,667
05-05-2014,82,567
06-05-2014,79,466
07-05-2014,75,400
08-05-2014,114,334
09-05-2014,128,400
10-05-2014,126,467
11-05-2014,146,433
12-05-2014,157,533
13-05-2014,154,633
14-05-2014,136,667
15-05-2014,141,1000
16-05-2014,169,800
17-05-2014,156,667
18-05-2014,145,600
19-05-2014,145,533
20-05-2014,192,667
21-05-2014,181,466
22-05-2014,209,487
23-05-2014,217,433
24-05-2014,204,500
25-05-2014,225,533
26-05-2014,295,560
27-05-2014,196,571
28-05-2014,247,500
29-05-2014,251,642
30-05-2014,352,440
31-05-2014,308,400
01-06-2014,311,434.3450557
02-06-2014,253,469.6586542
03-06-2014,318,504.2166008
04-06-2014,301,536.3132636
05-06-2014,306,564.2430105
06-06-2014,357,578.1534857
07-06-2014,387,592.0639608
08-06-2014,346,605.974436
09-06-2014,442,600.1801995
10-06-2014,374,581.690887
11-06-2014,335,548.8008667
12-06-2014,304,499.8045066
13-06-2014,416,433
14-06-2014,481,400
15-06-2014,449,553
16-06-2014,492,667
17-06-2014,514,567
18-06-2014,638,460
19-06-2014,654,566
20-06-2014,662,466
21-06-2014,640,534
22-06-2014,517,547
23-06-2014,536,600
24-06-2014,444,667
25-06-2014,629,733
26-06-2014,636,567
27-06-2014,720,627
28-06-2014,528,667
29-06-2014,606,734
30-06-2014,763,633
01-07-2014,650,833
02-07-2014,635,900
03-07-2014,703,933
04-07-2014,547,750
05-07-2014,548,1334
06-07-2014,570,1600
07-07-2014,505,1766
08-07-2014,508,1667
09-07-2014,573,2000
10-07-2014,536,1500
11-07-2014,429,1667
12-07-2014,421,1733
13-07-2014,453,2000
14-07-2014,367,2334
15-07-2014,369,2667
16-07-2014,326,2067
17-07-2014,341,2000
18-07-2014,281,2400
19-07-2014,291,3465
20-07-2014,253,5733
21-07-2014,315,5667
22-07-2014,246,3330
23-07-2014,254,4000
24-07-2014,218,3665
25-07-2014,450,3000
26-07-2014,345,2665
27-07-2014,288,2600
28-07-2014,336,2800
29-07-2014,348,3100
30-07-2014,171,2800
31-07-2014,361,2400
01-08-2014,324,3330
02-08-2014,349,3666
03-08-2014,282,3000
04-08-2014,376,2700
05-08-2014,325,2330
06-08-2014,299,2335
07-08-2014,354,3066
08-08-2014,257,2400
09-08-2014,338,1835
10-08-2014,235,1730
11-08-2014,303,1865
12-08-2014,391,2330
13-08-2014,268,2700
14-08-2014,306,2335
15-08-2014,357,2133
16-08-2014,338,2000
17-08-2014,362,2200
18-08-2014,344,2400
19-08-2014,413,2600
20-08-2014,383,2300
21-08-2014,384,1833
22-08-2014,432,2130
23-08-2014,403,2091.715891
24-08-2014,389,2000
25-08-2014,442,2334
26-08-2014,488,2483.994867
27-08-2014,493,2348.782214
28-08-2014,464,2035.161591
29-08-2014,499,1649.950465
30-08-2014,493,1299.966307
31-08-2014,352,1092.026585
01-09-2014,500,1133
02-09-2014,432,1466
03-09-2014,452,1868.228736
04-09-2014,435,2000
05-09-2014,334,1685.874708
06-09-2014,304,1465
07-09-2014,413,1800
08-09-2014,370,2065
09-09-2014,409,1865
10-09-2014,389,2000
11-09-2014,342,1866
12-09-2014,491,1734
13-09-2014,389,1330
14-09-2014,353,1400
15-09-2014,396,1530
16-09-2014,374,1465
17-09-2014,400,1465
18-09-2014,434,1766
19-09-2014,414,1400
20-09-2014,409,1242.125669
21-09-2014,395,1333
22-09-2014,448,1400
23-09-2014,468,1465
24-09-2014,434,1535
25-09-2014,345,1665
26-09-2014,364,1735
27-09-2014,382,1465
28-09-2014,458,1533
29-09-2014,433,1135
30-09-2014,383,1165
01-10-2014,435,1060
02-10-2014,369.3290959,947.0263791
03-10-2014,257,894.2328107
04-10-2014,220,866
05-10-2014,230,800
06-10-2014,197,600
07-10-2014,157,466
08-10-2014,398,600
09-10-2014,442,533
10-10-2014,927,733
11-10-2014,1006,2400
12-10-2014,351,1066
13-10-2014,450,600
14-10-2014,270,733
15-10-2014,463,800
16-10-2014,500,665
17-10-2014,502,733
18-10-2014,518,600
19-10-2014,465,633
20-10-2014,466,430
21-10-2014,460,400
22-10-2014,436,466
23-10-2014,483,600
24-10-2014,223,566
25-10-2014,154,586
26-10-2014,336,600
27-10-2014,319,666
28-10-2014,266,800
29-10-2014,230,600
30-10-2014,256,600
31-10-2014,329,733
01-11-2014,239,666
02-11-2014,270,766
03-11-2014,295,666
04-11-2014,316,666
05-11-2014,191,700
06-11-2014,248,500
07-11-2014,285,400
08-11-2014,311,500
09-11-2014,245,533
10-11-2014,218,600
11-11-2014,191,466
12-11-2014,167,366
13-11-2014,223,466
14-11-2014,196,346
15-11-2014,113,600
16-11-2014,122,466
17-11-2014,157,433
18-11-2014,209,633
19-11-2014,136,800
20-11-2014,141,633
21-11-2014,134,666
22-11-2014,160,566
23-11-2014,174,633
24-11-2014,172,766
25-11-2014,103,700
26-11-2014,196,833
27-11-2014,211,800
28-11-2014,192,700
29-11-2014,210,666
30-11-2014,160,733
01-12-2014,161,800
02-12-2014,155,866
03-12-2014,187,833
04-12-2014,143,1066
05-12-2014,142,2000
06-12-2014,130.0404345,2333
07-12-2014,110,2666
08-12-2014,107,2400
09-12-2014,104,1400
10-12-2014,110,1433
11-12-2014,177,1166
12-12-2014,132,900
13-12-2014,158,633
14-12-2014,194,900
15-12-2014,184,733
16-12-2014,196,566
17-12-2014,196,666
18-12-2014,178,700
19-12-2014,205,666
20-12-2014,197,500
21-12-2014,185,700
22-12-2014,279,766
23-12-2014,353,800
24-12-2014,284,700
25-12-2014,336,1400
26-12-2014,334,1200
27-12-2014,396,1200
28-12-2014,304,1218.323903
29-12-2014,389,1200
30-12-2014,332,1266
31-12-2014,193,1466
01-01-2015,452.2,1377.166667
02-01-2015,2349,1288.333333
03-01-2015,1488,1199.5
04-01-2015,4809,1110.666667
05-01-2015,2579,1021.833333
06-01-2015,5008,933
07-01-2015,5653,910.6666667
08-01-2015,3842,888.3333333
09-01-2015,3573,866
10-01-2015,3864,466
11-01-2015,3002,573
12-01-2015,2267,600
13-01-2015,3309,933
14-01-2015,2746,1000
15-01-2015,3679,700
16-01-2015,2763,600
17-01-2015,1177,800
18-01-2015,4114,933
19-01-2015,3463,1200
20-01-2015,4078,1133
21-01-2015,3855,1066
22-01-2015,3911,800
23-01-2015,3735,866
24-01-2015,4585,833
25-01-2015,426,800
26-01-2015,3310,667
27-01-2015,374,733
28-01-2015,451,800
29-01-2015,4068,866
30-01-2015,3215,600
31-01-2015,3921,565
01-02-2015,3703,466
02-02-2015,3892,466
03-02-2015,3880,566
04-02-2015,3257,500
05-02-2015,4052,600
06-02-2015,3004,666
07-02-2015,4188,733
08-02-2015,4435,800
09-02-2015,4467,833
10-02-2015,3660,700
11-02-2015,483,733
12-02-2015,457,700
13-02-2015,369,600
14-02-2015,422,633
15-02-2015,443,600
16-02-2015,347,600
17-02-2015,269,700
18-02-2015,424,733
19-02-2015,329,766
20-02-2015,285,800
21-02-2015,311,600
22-02-2015,311,600
23-02-2015,319,565
24-02-2015,395,533
25-02-2015,302,566
26-02-2015,418,433
27-02-2015,351,466
28-02-2015,323,480
01-03-2015,174,600
02-03-2015,216,633
03-03-2015,198,646
04-03-2015,290,633
05-03-2015,242,533
06-03-2015,302,566
07-03-2015,232,500
08-03-2015,108,633
09-03-2015,176,600
10-03-2015,276,630
11-03-2015,280,800
12-03-2015,323,733
13-03-2015,269,700
14-03-2015,404,733
15-03-2015,279,566
16-03-2015,212,533
17-03-2015,185,733
18-03-2015,188,633
19-03-2015,213,600
20-03-2015,148,666
21-03-2015,212,570
22-03-2015,87,670
23-03-2015,32,1000
24-03-2015,54,1100
25-03-2015,291,666
26-03-2015,244,733
27-03-2015,210,800
28-03-2015,141,733
29-03-2015,141,733
30-03-2015,118,800
31-03-2015,174,700
01-04-2015,158,666
02-04-2015,217,633
03-04-2015,178,600
04-04-2015,154,666
05-04-2015,75,733
06-04-2015,103,800
07-04-2015,128,600
08-04-2015,114,666
09-04-2015,117,600
10-04-2015,127,613
11-04-2015,107,534
12-04-2015,166,600
13-04-2015,118,666
14-04-2015,134,533
15-04-2015,56,500
16-04-2015,115,533
17-04-2015,105,546
18-04-2015,258,600
19-04-2015,158,866
20-04-2015,144,933
21-04-2015,140,1124.629602
22-04-2015,131,1284.250315
23-04-2015,110,1065
24-04-2015,23,600
25-04-2015,120,1066
26-04-2015,109,1200
27-04-2015,132,1266
28-04-2015,237,1235
29-04-2015,126,1000
30-04-2015,103,1065
01-05-2015,153,1133
02-05-2015,155,1166
03-05-2015,133.6031211,1225.924112
04-05-2015,102.6677035,1263.051249
05-05-2015,92,1200
06-05-2015,124,1066
07-05-2015,173,1166
08-05-2015,115,1265
09-05-2015,187,1100
10-05-2015,123,1200
11-05-2015,215,1233
12-05-2015,177,1266
13-05-2015,198,1000
14-05-2015,148,800
15-05-2015,299,900
16-05-2015,352,933
17-05-2015,224,966
18-05-2015,433,1333
19-05-2015,296,1333
20-05-2015,358,2000
21-05-2015,235,2133
22-05-2015,339,2000
23-05-2015,313,1866
24-05-2015,199,1733
25-05-2015,414,1466
26-05-2015,349,1666
27-05-2015,439,1333
28-05-2015,350,1266
29-05-2015,483,1066
30-05-2015,448,1066
31-05-2015,262,933
01-06-2015,456,1000
02-06-2015,444,1033
03-06-2015,367,1066
04-06-2015,314,1080
05-06-2015,645,866
06-06-2015,652,933
07-06-2015,434,833
08-06-2015,453,866
09-06-2015,545,933
10-06-2015,444,1000
11-06-2015,528,866
12-06-2015,558.1196964,1043.572812
13-06-2015,533,1200
14-06-2015,579,1000
15-06-2015,683,933
16-06-2015,511,866
17-06-2015,631,1133
18-06-2015,716,1200
19-06-2015,637,1233
20-06-2015,595,1133
21-06-2015,574,1200
22-06-2015,608,1400
23-06-2015,621,1400
24-06-2015,850,1200
25-06-2015,733,1033
26-06-2015,764,1133
27-06-2015,802,1033
28-06-2015,934,1066
29-06-2015,808,1166
30-06-2015,1025,1133
01-07-2015,889,1266
02-07-2015,971,1200
03-07-2015,971,1266
04-07-2015,1023,1333
05-07-2015,842,1200
06-07-2015,1023,1333
07-07-2015,863,1400
08-07-2015,698,1530
09-07-2015,756,1460
10-07-2015,866,1530
11-07-2015,696,1408
12-07-2015,702.6852574,1381.972678
13-07-2015,842.384397,1479.698111
14-07-2015,879,1600
15-07-2015,750,1665
16-07-2015,829,1630
17-07-2015,805,1400
18-07-2015,755.7263146,1383.688085
19-07-2015,732.1550523,1532.849474
20-07-2015,735.0062639,1640.586036
21-07-2015,765,1500
22-07-2015,812,1130
23-07-2015,840.9552009,1173.047467
24-07-2015,880,1367
25-07-2015,913,1334
26-07-2015,860,1267
27-07-2015,968,1200
28-07-2015,753,1200
29-07-2015,945,1000
30-07-2015,1047,867
31-07-2015,1071,665
01-08-2015,1030.180096,635.1594399
02-08-2015,958,800
03-08-2015,962,934
04-08-2015,1122,667
05-08-2015,1049,800
06-08-2015,1260,734
07-08-2015,1172,800
08-08-2015,1055,634
09-08-2015,988,700
10-08-2015,948,835
11-08-2015,908,700
12-08-2015,758,733
13-08-2015,786,734
14-08-2015,781,857
15-08-2015,721,934
16-08-2015,744,934
17-08-2015,720,1200
18-08-2015,661,1267
19-08-2015,707,1334
20-08-2015,675,1200
21-08-2015,682,900
22-08-2015,676,934
23-08-2015,599,1000
24-08-2015,703,1465
25-08-2015,706,1532
26-08-2015,681,1200
27-08-2015,701,1267
28-08-2015,683,1167
29-08-2015,621,1267
30-08-2015,534,934
31-08-2015,675,734
01-09-2015,689,634
02-09-2015,596,700
03-09-2015,565,666
04-09-2015,625,734
05-09-2015,620,800
06-09-2015,621,867
07-09-2015,531,1167
08-09-2015,587,1034
09-09-2015,503,800
10-09-2015,607,900
11-09-2015,523,834
12-09-2015,551,800
13-09-2015,459,934
14-09-2015,501,1000
15-09-2015,532,1134
16-09-2015,500,834
17-09-2015,481,867
18-09-2015,327,934
19-09-2015,296,966
20-09-2015,426,867
21-09-2015,444,1034
22-09-2015,537,1067
23-09-2015,408,1034
24-09-2015,571,934
25-09-2015,399,1200
26-09-2015,376,1400
27-09-2015,349,1267
28-09-2015,302,1400
29-09-2015,522,1234
30-09-2015,505,1467
01-10-2015,411,1400
02-10-2015,401,934
03-10-2015,352,1100
04-10-2015,295,1400
05-10-2015,356,1534
06-10-2015,402,1667
07-10-2015,384,1647
08-10-2015,370,1534
09-10-2015,345,1500
10-10-2015,357,1667
11-10-2015,257,1734
12-10-2015,283,1700
13-10-2015,291,1467
14-10-2015,300,1667
15-10-2015,322,1500
16-10-2015,339,1400
17-10-2015,307,1467
18-10-2015,290,1267
19-10-2015,292,1667
20-10-2015,190,1167
21-10-2015,218,1067
22-10-2015,381,1000
23-10-2015,204,1300
24-10-2015,160,1434
25-10-2015,185,1134
26-10-2015,252,1200
27-10-2015,241,1600
28-10-2015,311,1467
29-10-2015,271,1400
30-10-2015,353,1534
31-10-2015,220,1600
01-11-2015,205,1534
02-11-2015,242,1866
03-11-2015,293,2334
04-11-2015,251,2534
05-11-2015,288,2467
06-11-2015,269,3467
07-11-2015,245,3667
08-11-2015,302,3000
09-11-2015,296,2500
10-11-2015,185,2665
11-11-2015,86,3167
12-11-2015,109,3000
13-11-2015,83,2834
14-11-2015,102,6000
15-11-2015,182,5667
16-11-2015,182,4667
17-11-2015,46,3000
18-11-2015,94,2800
19-11-2015,111,3667
20-11-2015,93,4500
21-11-2015,103,4667
22-11-2015,107,3500
23-11-2015,93,3334
24-11-2015,124,2500
25-11-2015,144,2400
26-11-2015,134,2534
27-11-2015,158,2334
28-11-2015,140,2200
29-11-2015,104,1667
30-11-2015,196,1200
01-12-2015,203,1334
02-12-2015,247,1600
03-12-2015,243,1667
04-12-2015,238,1500
05-12-2015,186,1500
06-12-2015,181,1867
07-12-2015,232,1600
08-12-2015,281,1400
09-12-2015,266,1467
10-12-2015,252,1734
11-12-2015,252,1600
12-12-2015,198,1867
13-12-2015,186,1934
14-12-2015,215,2334
15-12-2015,183,2600
16-12-2015,173,2534
17-12-2015,199,2400
18-12-2015,219,2067
19-12-2015,229,2334
20-12-2015,195,2267
21-12-2015,179,2400
22-12-2015,191,2267
23-12-2015,243,1867
24-12-2015,237,2334
25-12-2015,219,2534
26-12-2015,230,2667
27-12-2015,181,2067
28-12-2015,192,2534
29-12-2015,213,2200
30-12-2015,202,2334
31-12-2015,227,2467
01-01-2016,181,3000
02-01-2016,185,3334
03-01-2016,110,3453
04-01-2016,185,4000
05-01-2016,195,4334
06-01-2016,134,3667
07-01-2016,98.31250471,4434.101805
08-01-2016,114,4734
09-01-2016,176,2800
10-01-2016,211.0011251,1824.594085
11-01-2016,212.2771587,2002.075711
12-01-2016,197,2400
13-01-2016,194,2467
14-01-2016,209,2667
15-01-2016,100,2334
16-01-2016,80,2134
17-01-2016,70,2000
18-01-2016,140,2400
19-01-2016,153,1200
20-01-2016,147,1066
21-01-2016,167,1200
22-01-2016,194,1167
23-01-2016,172,1200
24-01-2016,154,1000
25-01-2016,235,934
26-01-2016,194,1000
27-01-2016,132.6038638,1035.913598
28-01-2016,148.2028978,1030.683999
29-01-2016,163.8019319,1014.202347
30-01-2016,179.4009659,1016.348632
31-01-2016,195,1067
01-02-2016,281,1167
02-02-2016,307.20827,1228.114795
03-02-2016,283.3929929,1241.677572
04-02-2016,246.6333151,1226.151449
05-02-2016,234,1200
06-02-2016,262.5472681,1170.483977
07-02-2016,269,1100
08-02-2016,230,967
09-02-2016,280,834
10-02-2016,314.9087269,700.990418
11-02-2016,296.7895684,589.5881141
12-02-2016,225,533
13-02-2016,159,534
14-02-2016,240,567
15-02-2016,182,734
16-02-2016,136.297362,600
17-02-2016,138.0539484,534
18-02-2016,153,734
19-02-2016,160,634
20-02-2016,171,534
21-02-2016,141,667
22-02-2016,125,600
23-02-2016,151,634
24-02-2016,212,734
25-02-2016,165,700
26-02-2016,135,534
27-02-2016,166,634
28-02-2016,167,600
29-02-2016,194,667
01-03-2016,139,600
02-03-2016,160,534
03-03-2016,173,467
04-03-2016,110,534
05-03-2016,105,567
06-03-2016,98,667
07-03-2016,122,734
08-03-2016,105,667
09-03-2016,40,600
10-03-2016,83,534
11-03-2016,176,467
12-03-2016,161,534
13-03-2016,188,467
14-03-2016,150,534
15-03-2016,109,467
16-03-2016,130,434
17-03-2016,84,734
18-03-2016,117,467
19-03-2016,163,487
20-03-2016,110,500
21-03-2016,142,534
22-03-2016,147,500
23-03-2016,121,734
24-03-2016,147,800
25-03-2016,108,700
26-03-2016,127,500
27-03-2016,137,400
28-03-2016,119,467
29-03-2016,178,500
30-03-2016,145,480
31-03-2016,184,400
01-04-2016,110,367
02-04-2016,162,500
03-04-2016,106,534
04-04-2016,182,500
05-04-2016,199,734
06-04-2016,181,667
07-04-2016,188,600
08-04-2016,260,734
09-04-2016,65,667
10-04-2016,207,1000
11-04-2016,103,667
12-04-2016,173,1000
13-04-2016,238,534
14-04-2016,239,634
15-04-2016,219,667
16-04-2016,206,1200
17-04-2016,90,1134
18-04-2016,228,1200
19-04-2016,229,1167
20-04-2016,167.1761638,1049.033248
21-04-2016,125,967
22-04-2016,130,1000
23-04-2016,150,1100
24-04-2016,118,1134
25-04-2016,142,1267
26-04-2016,112,1667
27-04-2016,163,1734
28-04-2016,117,1534
29-04-2016,123,1234
30-04-2016,136,1333
01-05-2016,97,1534
02-05-2016,196,2067
03-05-2016,212.842492,1762.475842
04-05-2016,141,1534
05-05-2016,74,2134
06-05-2016,107,2000
07-05-2016,156,2134
08-05-2016,84,2200
09-05-2016,133,2534
10-05-2016,144,2167
11-05-2016,95,1934
12-05-2016,132,2567
13-05-2016,113,2800
14-05-2016,132,2733
15-05-2016,64,2834
16-05-2016,57.94373833,3010.427743
17-05-2016,95,3134
18-05-2016,106,3334
19-05-2016,95,4000
20-05-2016,86,3834
21-05-2016,105,3500
22-05-2016,76,3200
23-05-2016,127,3400
24-05-2016,106,3800
25-05-2016,103,4134
26-05-2016,135,2800
27-05-2016,77,3000
28-05-2016,122,3667
29-05-2016,85,3200
30-05-2016,135,3534
31-05-2016,113,3400
01-06-2016,148,3167
02-06-2016,106,3534
03-06-2016,182,3834
04-06-2016,134,4134
05-06-2016,80,4000
06-06-2016,162,4334
07-06-2016,143,4267
08-06-2016,108,4334
09-06-2016,135,3867
10-06-2016,109,3000
11-06-2016,72,2800
12-06-2016,74,3167
13-06-2016,181,4334
14-06-2016,88,4000
15-06-2016,119,3500
16-06-2016,154,2667
17-06-2016,216,2834
18-06-2016,242,3000
19-06-2016,310,3067
20-06-2016,320,2534
21-06-2016,337,3000
22-06-2016,357,3000
23-06-2016,369,3134
24-06-2016,467,3167
25-06-2016,389,3334
26-06-2016,420,3000
27-06-2016,550,2867
28-06-2016,533,3067
29-06-2016,607,2334
30-06-2016,544,2334
01-07-2016,454,2134
02-07-2016,838,2200
03-07-2016,619,3000
04-07-2016,718,1667
05-07-2016,694,1867
06-07-2016,866,2667
07-07-2016,569,2400
08-07-2016,719,2400
09-07-2016,792,3000
10-07-2016,911,2167
11-07-2016,979,2334
12-07-2016,1178,2800
13-07-2016,1178,2667
14-07-2016,1208,2334
15-07-2016,1192,2134
16-07-2016,1116,2267
17-07-2016,1023,2134
18-07-2016,1262,2334
19-07-2016,1117,2400
20-07-2016,1291,2334
21-07-2016,1273,2267
22-07-2016,1397,1800
23-07-2016,1260,1334
24-07-2016,1490,1200
25-07-2016,1538,1000
26-07-2016,1477,1334
27-07-2016,1551,1400
28-07-2016,1500,1000
29-07-2016,1368,1067
30-07-2016,1291,1000
31-07-2016,1474,1334
01-08-2016,1643,534
02-08-2016,1589,1334
03-08-2016,1716,1200
04-08-2016,1538,1334
05-08-2016,1762,1000
06-08-2016,1663,667
07-08-2016,1534,700
08-08-2016,1673,1067
09-08-2016,1805,1000
10-08-2016,1717,800
11-08-2016,1588,500
12-08-2016,1636,534
13-08-2016,1245,520
14-08-2016,1375,667
15-08-2016,1432,734
16-08-2016,1287,534
17-08-2016,1338,567
18-08-2016,1480,500
19-08-2016,1362,534
20-08-2016,1234,734
21-08-2016,914,600
22-08-2016,1043,734
23-08-2016,1108,600
24-08-2016,1204,800
25-08-2016,1105,667
26-08-2016,1070,667
27-08-2016,944,567
28-08-2016,874,867
29-08-2016,736,800
30-08-2016,1012,734
31-08-2016,882,1067
01-09-2016,974,900
02-09-2016,743,867
03-09-2016,635,1000
04-09-2016,607,976
05-09-2016,758,1334
06-09-2016,553,1334
07-09-2016,486,1000
08-09-2016,747,1134
09-09-2016,793,1067
10-09-2016,642,1200
11-09-2016,640,1134
12-09-2016,675,1067
13-09-2016,599,1000
14-09-2016,390,800
15-09-2016,529,934
16-09-2016,591,867
17-09-2016,546,1400
18-09-2016,456,1334
19-09-2016,595,1200
20-09-2016,547,1000
21-09-2016,411,1134
22-09-2016,497,1334
23-09-2016,357,1200
24-09-2016,399,1134
25-09-2016,405,1200
26-09-2016,468,1133
27-09-2016,384,1134
28-09-2016,392,1067
29-09-2016,388,1134
30-09-2016,320,1200
01-10-2016,302,2000
02-10-2016,242,1867
03-10-2016,282,1833
04-10-2016,375,1667
05-10-2016,367,1800
06-10-2016,391,1333
07-10-2016,401,1000
08-10-2016,347,934
09-10-2016,309,1134
10-10-2016,291,1067
11-10-2016,310,1133
12-10-2016,309,1200
13-10-2016,317,1600
14-10-2016,374,1134
15-10-2016,539,1200
16-10-2016,521,1334
17-10-2016,484,1400
18-10-2016,546,800
19-10-2016,586,867
20-10-2016,584,1200
21-10-2016,542,1067
22-10-2016,458,667
23-10-2016,409,734
24-10-2016,385,800
25-10-2016,394,900
26-10-2016,425,867
27-10-2016,478,600
28-10-2016,454,534
29-10-2016,368,400
30-10-2016,569,500
31-10-2016,292,467
01-11-2016,270,467
02-11-2016,399,433
03-11-2016,560,400
04-11-2016,556,334
05-11-2016,498,400
06-11-2016,575,434
07-11-2016,503,467
08-11-2016,379,400
09-11-2016,661,387
10-11-2016,576,400
11-11-2016,429,367
12-11-2016,541,334
13-11-2016,487,334
14-11-2016,558,400
15-11-2016,561,500
16-11-2016,540,467
17-11-2016,492,400
18-11-2016,793,500
19-11-2016,666,400
20-11-2016,667,400
21-11-2016,682,400
22-11-2016,658,367
23-11-2016,652,434
24-11-2016,719,467
25-11-2016,594,500
26-11-2016,705,480
27-11-2016,638,534
28-11-2016,649,567
29-11-2016,523,600
30-11-2016,509,534
01-12-2016,525,434
02-12-2016,544,434
03-12-2016,465,334
04-12-2016,350,500
05-12-2016,335,334
06-12-2016,500,400
07-12-2016,355,467
08-12-2016,302,334
09-12-2016,170,334
10-12-2016,246,334
11-12-2016,210,334
12-12-2016,207,334
13-12-2016,229,434
14-12-2016,122,567
15-12-2016,288,400
16-12-2016,144,454
17-12-2016,167,320
18-12-2016,140,500
19-12-2016,180,434
20-12-2016,174,400
21-12-2016,138,434
22-12-2016,130,334
23-12-2016,143,334
24-12-2016,87,500
25-12-2016,75,434
26-12-2016,137,400
27-12-2016,130,320
28-12-2016,164,334
29-12-2016,167,414
30-12-2016,99,434
31-12-2016,130,433
01-01-2017,107,400
02-01-2017,170,434
03-01-2017,109,454
04-01-2017,133,467
05-01-2017,158,453
06-01-2017,103,467
07-01-2017,142,467
08-01-2017,149,667
09-01-2017,113,600
10-01-2017,152,667
11-01-2017,150,700
12-01-2017,169,533
13-01-2017,204,600
14-01-2017,167,400
15-01-2017,115.6049668,756.771369
16-01-2017,92,1134
17-01-2017,116,1000
18-01-2017,164,1167
19-01-2017,177,980
20-01-2017,200.5128613,758.7498722
21-01-2017,234.7985671,651.4049394
22-01-2017,225.532378,767.6032929
23-01-2017,216.266189,883.8016465
24-01-2017,207,1000
25-01-2017,151,1334
26-01-2017,218,1667
27-01-2017,143,1667
28-01-2017,163,1600
29-01-2017,135,1667
30-01-2017,181,1600
31-01-2017,164,1334
01-02-2017,194,1200
02-02-2017,167,1534
03-02-2017,155,1667
04-02-2017,162,1400
05-02-2017,142,1334
06-02-2017,140,1667
07-02-2017,166,1600
08-02-2017,241,1534
09-02-2017,198,1600
10-02-2017,210,1400
11-02-2017,205,1334
12-02-2017,188,1600
13-02-2017,206,1400
14-02-2017,178,1134
15-02-2017,191,1400
16-02-2017,185,1334
17-02-2017,185,1134
18-02-2017,202,1067
19-02-2017,211.0342995,1271.899254
20-02-2017,209.7537599,1546.310736
21-02-2017,210,1600
22-02-2017,219,1400
23-02-2017,192,1667
24-02-2017,159.7873676,2252.204367
25-02-2017,165.8936838,2649.830191
26-02-2017,172,2334
27-02-2017,234,1334
28-02-2017,227,1200
01-03-2017,221,1400
02-03-2017,206,1467
03-03-2017,252,1400
04-03-2017,198,1467
05-03-2017,165,1667
06-03-2017,192,1734
07-03-2017,200,2000
08-03-2017,205,1400
09-03-2017,214,1534
10-03-2017,171,1134
11-03-2017,205,934
12-03-2017,173,1134
13-03-2017,161,1267
14-03-2017,192,1167
15-03-2017,201,1334
16-03-2017,177,1134
17-03-2017,147,934
18-03-2017,187,1400
19-03-2017,169,1134
20-03-2017,156,1200
21-03-2017,134,1400
22-03-2017,154,1667
23-03-2017,137,1534
24-03-2017,110,1467
25-03-2017,124,1734
26-03-2017,122,1334
27-03-2017,179,1466
28-03-2017,127,1267
29-03-2017,141,1334
30-03-2017,85,1400
31-03-2017,78,1667
01-04-2017,106,1667
02-04-2017,114,1334
03-04-2017,130,867
04-04-2017,140,800
05-04-2017,158,834
06-04-2017,113,1000
07-04-2017,105,934
08-04-2017,134,800
09-04-2017,157,867
10-04-2017,163,900
11-04-2017,221,934
12-04-2017,231,900
13-04-2017,179,600
14-04-2017,197,634
15-04-2017,218,800
16-04-2017,256,1067
17-04-2017,235,1134
18-04-2017,293,1334
19-04-2017,257,934
20-04-2017,328,667
21-04-2017,283,600
22-04-2017,322,634
23-04-2017,290,1000
24-04-2017,223,600
25-04-2017,200,600
26-04-2017,357,534
27-04-2017,245,567
28-04-2017,222,600
29-04-2017,211,500
30-04-2017,222,533
01-05-2017,208,500
02-05-2017,219,667
03-05-2017,232,534
04-05-2017,272,500
05-05-2017,224,533
06-05-2017,275,500
07-05-2017,228,600
08-05-2017,258,667
09-05-2017,224,800
10-05-2017,236,734
11-05-2017,265,600
12-05-2017,329,534
13-05-2017,282,534
14-05-2017,292,667
15-05-2017,217,800
16-05-2017,213,867
17-05-2017,253,800
18-05-2017,281,934
19-05-2017,246,1000
20-05-2017,283,800
21-05-2017,265,633
22-05-2017,282,667
23-05-2017,298,800
24-05-2017,368,667
25-05-2017,288,734
26-05-2017,313,734
27-05-2017,324,1000
28-05-2017,252,1000
29-05-2017,312,1167
30-05-2017,281,1400
31-05-2017,348,1134
01-06-2017,563,867
02-06-2017,432,1200
03-06-2017,510,1267
04-06-2017,385,1200
05-06-2017,403,1467
06-06-2017,383,1500
07-06-2017,469,1800
08-06-2017,450,1533
09-06-2017,386,1400
10-06-2017,438,1334
11-06-2017,472,1467
12-06-2017,485,1534
13-06-2017,372,1400
14-06-2017,381,1600
15-06-2017,371,1466
16-06-2017,376,1867
17-06-2017,446,2667
18-06-2017,403,2400
19-06-2017,503,2334
20-06-2017,434,2400
21-06-2017,553,2133
22-06-2017,467,2334
23-06-2017,717,2734
24-06-2017,781,3000
25-06-2017,611,2800
26-06-2017,572,3200
27-06-2017,833,3334
28-06-2017,834,4067
29-06-2017,767,3467
30-06-2017,789,3834
01-07-2017,860,4333
02-07-2017,737,4334
03-07-2017,886,4667
04-07-2017,862,4834
05-07-2017,760,4667
06-07-2017,726,4334
07-07-2017,723,5000
08-07-2017,626,4500
09-07-2017,671,5334
10-07-2017,621,3667
11-07-2017,557,4500
12-07-2017,521,5834
13-07-2017,557,5854
14-07-2017,515,5540
15-07-2017,544,4160
16-07-2017,600,3920
17-07-2017,452,4160
18-07-2017,641,3934
19-07-2017,571,4334
20-07-2017,532,4087
21-07-2017,624,3500
22-07-2017,731,2834
23-07-2017,587,4067
24-07-2017,615,4267
25-07-2017,657,4167
26-07-2017,742,3334
27-07-2017,679,2900
28-07-2017,726,2834
29-07-2017,651,3087
30-07-2017,793,2167
31-07-2017,727,2400
01-08-2017,731,2667
02-08-2017,559,2934
03-08-2017,693,2900
04-08-2017,618,2500
05-08-2017,488,3167
06-08-2017,478,3000
07-08-2017,466,3100
08-08-2017,586,3000
09-08-2017,495,2834
10-08-2017,590,2967
11-08-2017,432,3167
12-08-2017,452,2754
13-08-2017,458,2800
14-08-2017,407,2787
15-08-2017,399,3000
16-08-2017,354,2734
17-08-2017,401,2787
18-08-2017,423,2667
19-08-2017,409,2767
20-08-2017,409,3100
21-08-2017,360,3000
22-08-2017,499,2754
23-08-2017,427,3000
24-08-2017,346,2500
25-08-2017,370,2333
26-08-2017,201,3500
27-08-2017,206,2754
28-08-2017,182,2500
29-08-2017,435,2087
30-08-2017,420,2200
31-08-2017,442,1587
01-09-2017,419,1834
02-09-2017,461,1667
03-09-2017,334,2267
04-09-2017,344,2500
05-09-2017,328,1900
06-09-2017,377,1567
07-09-2017,406,1334
08-09-2017,337,1200
09-09-2017,347,1300
10-09-2017,337,1534
11-09-2017,304,1667
12-09-2017,382,1434
13-09-2017,308,1400
14-09-2017,310,1200
15-09-2017,393,1167
16-09-2017,300,1234
17-09-2017,396,1167
18-09-2017,270,1000
19-09-2017,315,1000
20-09-2017,308,1020
21-09-2017,399,1000
22-09-2017,392,1100
23-09-2017,472,1200
24-09-2017,413,1300
25-09-2017,372,834
26-09-2017,426,1034
27-09-2017,270,834
28-09-2017,402,767
29-09-2017,370,887
30-09-2017,304,1000
01-10-2017,280,1367
02-10-2017,118,1400
03-10-2017,251,1667
04-10-2017,318,1467
05-10-2017,405,1334
06-10-2017,274,1467
07-10-2017,320,1367
08-10-2017,280,1533
09-10-2017,377,1667
10-10-2017,236,1534
11-10-2017,223,1700
12-10-2017,341,1667
13-10-2017,320,2000
14-10-2017,302,2200
15-10-2017,328,2000
16-10-2017,384,2033
17-10-2017,338,1753
18-10-2017,353,1834
19-10-2017,283,1667
20-10-2017,187,2167
21-10-2017,307,2000
22-10-2017,263,2034
23-10-2017,290,2000
24-10-2017,297,2134
25-10-2017,293,2334
26-10-2017,195,2334
27-10-2017,216,2400
28-10-2017,269,2134
29-10-2017,231,2233
30-10-2017,240,2334
31-10-2017,262,2100
01-11-2017,255,2167
02-11-2017,177.6922454,1900
03-11-2017,180,2000
04-11-2017,302,1834
05-11-2017,209,2087
06-11-2017,266,2134
07-11-2017,243,2034
08-11-2017,246,2167
09-11-2017,280,2334
10-11-2017,309,2400
11-11-2017,344,2700
12-11-2017,335,2334
13-11-2017,326,2334
14-11-2017,347,2167
15-11-2017,318,2200
16-11-2017,351,2000
17-11-2017,339,2167
18-11-2017,317,2000
19-11-2017,308,1934
20-11-2017,309,2000
21-11-2017,313,2000
22-11-2017,353,2067
23-11-2017,336,1800
24-11-2017,363,2000
25-11-2017,440,2167
26-11-2017,398,2067
27-11-2017,408,2000
28-11-2017,411,1867
29-11-2017,403,1667
30-11-2017,466,1833
01-12-2017,441,2000
02-12-2017,353,2067
03-12-2017,305,1934
04-12-2017,480,1834
05-12-2017,390,2000
06-12-2017,350,1500
07-12-2017,415,1367
08-12-2017,419,1200
09-12-2017,428,1034
10-12-2017,406,1234
11-12-2017,379,1334
12-12-2017,390,1167
13-12-2017,441,933
14-12-2017,408,834
15-12-2017,441,834
16-12-2017,394,754
17-12-2017,392,667
18-12-2017,417,334
19-12-2017,525,367
20-12-2017,459,434
21-12-2017,387,500
22-12-2017,435,467
23-12-2017,412,567
24-12-2017,456,567
25-12-2017,458,534
26-12-2017,395,500
27-12-2017,394,480
28-12-2017,419,467
29-12-2017,522,434
30-12-2017,476,420
31-12-2017,416,534
01-01-2018,419,516
02-01-2018,386,567
03-01-2018,366,534
04-01-2018,511,500
05-01-2018,476,400
06-01-2018,536,467
07-01-2018,491,486
08-01-2018,437,467
09-01-2018,426,500
10-01-2018,466,434
11-01-2018,486,534
12-01-2018,477,534
13-01-2018,486,534
14-01-2018,479,600
15-01-2018,487,534
16-01-2018,398,700
17-01-2018,405,700
18-01-2018,342,500
19-01-2018,560,487
20-01-2018,437,500
21-01-2018,444,426
22-01-2018,537,434
23-01-2018,479,500
24-01-2018,465,434
25-01-2018,421,467
26-01-2018,359,434
27-01-2018,353,400
28-01-2018,264,420
29-01-2018,390,367
30-01-2018,325,467
31-01-2018,346,467
01-02-2018,325,500
02-02-2018,205,467
03-02-2018,315,500
04-02-2018,245,500
05-02-2018,310,567
06-02-2018,325,534
07-02-2018,395,667
08-02-2018,336,600
09-02-2018,393,500
10-02-2018,311,467
11-02-2018,344,467
12-02-2018,270,320
13-02-2018,235,500
14-02-2018,223,400
15-02-2018,235,420
16-02-2018,170,434
17-02-2018,325,400
18-02-2018,190,434
19-02-2018,205,400
20-02-2018,150,434
21-02-2018,124,486
22-02-2018,149,534
23-02-2018,215,487
24-02-2018,221,467
25-02-2018,175,534
26-02-2018,135,500
27-02-2018,125,534
28-02-2018,146,734
01-03-2018,165,486
02-03-2018,226,534
03-03-2018,192,620
04-03-2018,135,534
05-03-2018,107,667
06-03-2018,132,600
07-03-2018,124,567
08-03-2018,156,367
09-03-2018,131,600
10-03-2018,131,413
11-03-2018,130,567
12-03-2018,139,620
13-03-2018,134,700
14-03-2018,147,567
15-03-2018,164,453
16-03-2018,153,506
17-03-2018,125,667
18-03-2018,125,600
19-03-2018,120,1000
20-03-2018,61,667
21-03-2018,210,486
22-03-2018,164,434
23-03-2018,138,667
24-03-2018,239,700
25-03-2018,183,800
26-03-2018,177,867
27-03-2018,149,667
28-03-2018,161,833
29-03-2018,189,800
30-03-2018,195,834
31-03-2018,205,834
01-04-2018,184,834
02-04-2018,175,800
03-04-2018,206,800
04-04-2018,162,834
05-04-2018,179,834
06-04-2018,198,800
07-04-2018,254,734
08-04-2018,244,600
09-04-2018,134,667
10-04-2018,164,734
11-04-2018,158,667
12-04-2018,155,700
13-04-2018,166,734
14-04-2018,259,634
15-04-2018,162,647
16-04-2018,124,520
17-04-2018,133,534
18-04-2018,151,567
19-04-2018,142,534
20-04-2018,137.2208085,516.383899
21-04-2018,139.0747746,526.7061873
22-04-2018,145.3895577,550.755769
23-04-2018,153.5498678,574.3199929
24-04-2018,160.9404149,583.1862079
25-04-2018,164.9459093,563.141763
26-04-2018,163,500
27-04-2018,173,434
28-04-2018,229,500
29-04-2018,190,500
30-04-2018,154,486
01-05-2018,226,434
02-05-2018,231,500
03-05-2018,206,467
04-05-2018,272,367
05-05-2018,265,413
06-05-2018,267,467
07-05-2018,295,413
08-05-2018,218,567
09-05-2018,216,500
10-05-2018,238,934
11-05-2018,285,600
12-05-2018,265,500
13-05-2018,235,567
14-05-2018,235,580
15-05-2018,283,334
16-05-2018,265,546
17-05-2018,286,513
18-05-2018,393,513
19-05-2018,468,434
20-05-2018,443,513
21-05-2018,396,546
22-05-2018,358,480
23-05-2018,402,500
24-05-2018,405,480
25-05-2018,484,467
26-05-2018,415,513
27-05-2018,467,500
28-05-2018,439,567
29-05-2018,497,734
30-05-2018,486,734
31-05-2018,516,667
01-06-2018,516,500
02-06-2018,570,567
03-06-2018,261,567
04-06-2018,552,546
05-06-2018,760,567
06-06-2018,770,634
07-06-2018,703,634
08-06-2018,865,734
09-06-2018,912,867
10-06-2018,908,767
11-06-2018,956,800
12-06-2018,1065,734
13-06-2018,1155,667
14-06-2018,1335,660
15-06-2018,1143,646
16-06-2018,1195,767
17-06-2018,989,834
18-06-2018,1062,1046
19-06-2018,1054,1134
20-06-2018,1045,1067
21-06-2018,1341,834
22-06-2018,1691,834
23-06-2018,1522,780
24-06-2018,1554,920
25-06-2018,1370,834
26-06-2018,1574,867
27-06-2018,1551,834
28-06-2018,1655,834
29-06-2018,1519,900
30-06-2018,1543,900
01-07-2018,1388,900
02-07-2018,1558,1000
03-07-2018,1426,967
04-07-2018,1257,1000
05-07-2018,1152,1334
06-07-2018,1215,1267
07-07-2018,1322,1100
08-07-2018,1357,1234
09-07-2018,1299,1200
10-07-2018,1248,1000
11-07-2018,1315,1120
12-07-2018,1259,1167
13-07-2018,1292,1034
14-07-2018,1317,1167
15-07-2018,1323,1167
16-07-2018,1415,1100
17-07-2018,1397,1334
18-07-2018,1535,1500
19-07-2018,1402,1600
20-07-2018,1537,1160
21-07-2018,1528,1467
22-07-2018,1315,1300
23-07-2018,1515,1334
24-07-2018,1609,1000
25-07-2018,1585,934
26-07-2018,1571,1000
27-07-2018,1515,1013
28-07-2018,1681,967
29-07-2018,1623,1034
30-07-2018,1685,1000
31-07-2018,1721,1034
01-08-2018,1635,1000
02-08-2018,1635,1000
03-08-2018,1526,734
04-08-2018,1565,834
05-08-2018,1607,800
06-08-2018,1621,900
07-08-2018,1508,834
08-08-2018,1593,867
09-08-2018,1553,834
10-08-2018,1559,667
11-08-2018,1585,733
12-08-2018,1614,667
13-08-2018,1268,767
14-08-2018,1415,767
15-08-2018,1385,1000
16-08-2018,1295,1100
17-08-2018,1331,900
18-08-2018,1380,800
19-08-2018,1293,634
20-08-2018,1285,667
21-08-2018,1448,734
22-08-2018,1285,734
23-08-2018,1101,1000
24-08-2018,1244,667
25-08-2018,1182,667
26-08-2018,1083,600
27-08-2018,1212,567
28-08-2018,1171,500
29-08-2018,1160,500
30-08-2018,1174,567
31-08-2018,974,667
